# Метеостанция Абу-Даби (аэропорт), ОАЭ, WMO_ID=41217, выборка с 18.01.2024 по 18.02.2024, все дни
# Кодировка: ANSI
# Информация предоставлена сайтом "Расписание Погоды", rp5.ru
# Пожалуйста, при использовании данных, любезно указывайте названный сайт.
# Обозначения метеопараметров см. по адресу http://rp5.ru/archive.php?wmo_id=41217&lang=ru
#
"Местное время в Абу-Даби (аэропорт)";"T";"Po";"P";"Pa";"U";"DD";"Ff";"ff10";"ff3";"N";"WW";"W1";"W2";"Tn";"Tx";"Cl";"Nh";"H";"Cm";"Ch";"VV";"Td";"RRR";"tR";"E";"Tg";"E'";"sss"
"18.02.2024 19:00";"21.3";"758.5";"760.7";"0.6";"59";"Ветер, дующий с западо-северо-запада";"7";"";"";"40%.";" ";"";"";"";"";"Слоисто-кучевых, слоистых, кучевых или кучево-дождевых облаков нет.";"Облаков нет.";"2500 или более, или облаков нет.";"Высококучевых, высокослоистых или слоисто-дождевых облаков нет.";"Перистые нитевидные, иногда когтевидные, не распространяющиеся по небу.";"10.0";"12.8";"";"";"";"";"";"";
"18.02.2024 16:00";"23.1";"757.9";"760.1";"-0.9";"47";"Ветер, дующий с северо-запада";"10";"";"";"20–30%.";" ";"";"";"";"";"Слоисто-кучевых, слоистых, кучевых или кучево-дождевых облаков нет.";"Облаков нет.";"2500 или более, или облаков нет.";"Высококучевых, высокослоистых или слоисто-дождевых облаков нет.";"Перистые нитевидные, иногда когтевидные, не распространяющиеся по небу.";"10.0";"11.3";"";"";"";"";"";"";
"18.02.2024 13:00";"25.6";"758.8";"760.9";"-0.8";"46";"Ветер, дующий с северо-запада";"9";"";"";"20–30%.";" ";"";"";"";"";"Слоисто-кучевых, слоистых, кучевых или кучево-дождевых облаков нет.";"Облаков нет.";"2500 или более, или облаков нет.";"Высококучевых, высокослоистых или слоисто-дождевых облаков нет.";"Перистые нитевидные, иногда когтевидные, не распространяющиеся по небу.";"10.0";"13.0";"";"";"";"";"";"";
"18.02.2024 10:00";"23.1";"759.6";"761.8";"1.7";"81";"Ветер, дующий с северо-запада";"9";"";"";"70 – 80%.";" ";"";"";"21.6";"";"Слоистые туманообразные или слоистые разорванные, либо те и другие, но не относящиеся к облакам плохой погоды.";"70 – 80%.";"300-600";"";"";"10.0";"19.7";"";"";"Cухая (без трещин, заметного количества пыли или сыпучего песка)";"20.0";"";"";
"18.02.2024 07:00";"21.9";"757.9";"760.0";"1.6";"89";"Ветер, дующий с западо-северо-запада";"6";"";"";"60%.";"Мгла. ";"Облака покрывали более половины неба в течение одной части соответствующего периода и половину или менее в течение другой части периода.";"Облака покрывали половину неба или менее в течение всего соответствующего периода.";"";"";"Слоистые туманообразные или слоистые разорванные, либо те и другие, но не относящиеся к облакам плохой погоды.";"60%.";"200-300";"Высококучевых, высокослоистых или слоисто-дождевых облаков нет.";"Перистых, перисто-кучевых или перисто-слоистых нет.";"5.0";"20.0";"";"";"";"";"";"";
"18.02.2024 04:00";"23.0";"756.3";"758.5";"-1.1";"60";"Ветер, дующий с юго-юго-востока";"2";"";"";"Облаков нет.";" ";"";"";"";"";"";"";"";"";"";"10.0";"14.9";"";"";"";"";"";"";
"18.02.2024 01:00";"24.2";"757.4";"759.6";"-0.4";"57";"Ветер, дующий с востоко-северо-востока";"2";"";"";"Облаков нет.";" ";"";"";"";"";"";"";"";"";"";"10.0";"15.0";"";"";"";"";"";"";
"17.02.2024 22:00";"27.0";"757.8";"760.0";"0.1";"45";"Ветер, дующий с востоко-юго-востока";"3";"";"";"Облаков нет.";" ";"";"";"";"32.3";"";"";"";"";"";"10.0";"13.9";"";"";"";"";"";"";
"17.02.2024 19:00";"29.9";"757.7";"759.8";"0.1";"34";"Ветер, дующий с юго-востока";"3";"";"";"40%.";" ";"";"";"";"";"Слоисто-кучевых, слоистых, кучевых или кучево-дождевых облаков нет.";"Облаков нет.";"2500 или более, или облаков нет.";"Высококучевых, высокослоистых или слоисто-дождевых облаков нет.";"Перистые нитевидные, иногда когтевидные, не распространяющиеся по небу.";"10.0";"12.2";"";"";"";"";"";"";
"17.02.2024 16:00";"31.4";"757.6";"759.7";"-1.9";"30";"Ветер, дующий с юга";"4";"";"";"Облаков нет.";" ";"";"";"";"";"";"";"";"";"";"10.0";"11.6";"";"";"";"";"";"";
"17.02.2024 13:00";"29.7";"759.5";"761.6";"-1.6";"35";"Ветер, дующий с юга";"5";"";"";"40%.";" ";"";"";"";"";"Слоисто-кучевых, слоистых, кучевых или кучево-дождевых облаков нет.";"Облаков нет.";"2500 или более, или облаков нет.";"Высококучевых, высокослоистых или слоисто-дождевых облаков нет.";"Перистые нитевидные, иногда когтевидные, не распространяющиеся по небу.";"10.0";"12.5";"";"";"";"";"";"";
"17.02.2024 10:00";"25.4";"761.1";"763.3";"1.6";"51";"Ветер, дующий с юго-юго-востока";"5";"";"";"20–30%.";" ";"";"";"22.0";"";"Слоисто-кучевых, слоистых, кучевых или кучево-дождевых облаков нет.";"Облаков нет.";"2500 или более, или облаков нет.";"Высококучевых, высокослоистых или слоисто-дождевых облаков нет.";"Перистые нитевидные, иногда когтевидные, не распространяющиеся по небу.";"10.0";"14.4";"";"";"Cухая (без трещин, заметного количества пыли или сыпучего песка)";"21.0";"";"";
"17.02.2024 07:00";"22.2";"759.5";"761.8";"0.9";"65";"Ветер, дующий с юго-юго-востока";"4";"";"";"Облаков нет.";" ";"";"";"";"";"";"";"";"";"";"10.0";"15.2";"";"";"";"";"";"";
"17.02.2024 04:00";"22.7";"758.6";"760.8";"-0.6";"78";"Ветер, дующий с востоко-юго-востока";"4";"";"";"Облаков нет.";" ";"";"";"";"";"";"";"";"";"";"10.0";"18.7";"";"";"";"";"";"";
"17.02.2024 01:00";"23.6";"759.2";"761.5";"-1.1";"75";"Ветер, дующий с востока";"4";"";"";"Облаков нет.";" ";"";"";"";"";"";"";"";"";"";"10.0";"19.0";"";"";"";"";"";"";
"16.02.2024 22:00";"24.8";"760.3";"762.4";"0.3";"73";"Ветер, дующий с востоко-северо-востока";"6";"";"";"Облаков нет.";" ";"";"";"";"31.0";"";"";"";"";"";"10.0";"19.7";"";"";"";"";"";"";
"16.02.2024 19:00";"29.5";"760.0";"762.1";"0.5";"42";"Ветер, дующий с востоко-юго-востока";"3";"";"";"Облаков нет.";" ";"";"";"";"";"";"";"";"";"";"10.0";"15.4";"";"";"";"";"";"";
"16.02.2024 16:00";"30.6";"759.5";"761.7";"-0.9";"42";"Ветер, дующий с юга";"4";"";"";"20–30%.";" ";"";"";"";"";"Слоисто-кучевых, слоистых, кучевых или кучево-дождевых облаков нет.";"Облаков нет.";"2500 или более, или облаков нет.";"Высококучевых, высокослоистых или слоисто-дождевых облаков нет.";"Перистые нитевидные, иногда когтевидные, не распространяющиеся по небу.";"10.0";"16.4";"";"";"";"";"";"";
"16.02.2024 13:00";"28.7";"760.4";"762.6";"-1.4";"53";"Ветер, дующий с юго-юго-востока";"7";"";"";"40%.";"Пыль, взвешенная в воздухе на обширном пространстве, но не поднятая ветром на или вблизи станции в срок наблюдения. ";"Облака покрывали половину неба или менее в течение всего соответствующего периода.";"Облака покрывали половину неба или менее в течение всего соответствующего периода.";"";"";"Слоисто-кучевых, слоистых, кучевых или кучево-дождевых облаков нет.";"Облаков нет.";"2500 или более, или облаков нет.";"Высококучевых, высокослоистых или слоисто-дождевых облаков нет.";"Перистые нитевидные, иногда когтевидные, не распространяющиеся по небу.";"8.0";"18.1";"";"";"";"";"";"";
"16.02.2024 10:00";"24.7";"761.8";"764.0";"1.5";"70";"Ветер, дующий с юго-юго-востока";"7";"";"";"60%.";" ";"";"";"21.8";"";"Слоисто-кучевых, слоистых, кучевых или кучево-дождевых облаков нет.";"Облаков нет.";"2500 или более, или облаков нет.";"Высококучевых, высокослоистых или слоисто-дождевых облаков нет.";"Перистые плотные в виде клочьев или скрученных склонов, количество которых обычно не увеличивается, иногда могут казаться остатками верхней части кучево-дождевых; или перистые башенкообразные, или перистые хлопьевидные.";"10.0";"18.9";"";"";"Cухая (без трещин, заметного количества пыли или сыпучего песка)";"20.0";"";"";
"16.02.2024 07:00";"22.3";"760.3";"762.5";"0.9";"74";"Ветер, дующий с юго-востока";"6";"";"";"20–30%.";" ";"";"";"";"";"Слоисто-кучевых, слоистых, кучевых или кучево-дождевых облаков нет.";"Облаков нет.";"2500 или более, или облаков нет.";"Высококучевых, высокослоистых или слоисто-дождевых облаков нет.";"Перистые нитевидные, иногда когтевидные, не распространяющиеся по небу.";"10.0";"17.5";"";"";"";"";"";"";
"16.02.2024 04:00";"22.5";"759.4";"761.6";"-0.3";"76";"Ветер, дующий с востоко-юго-востока";"4";"";"";"Облаков нет.";" ";"";"";"";"";"";"";"";"";"";"10.0";"18.1";"";"";"";"";"";"";
"16.02.2024 01:00";"22.6";"759.7";"761.9";"-0.9";"78";"Ветер, дующий с востока";"5";"";"";"Облаков нет.";" ";"";"";"";"";"";"";"";"";"";"10.0";"18.6";"";"";"";"";"";"";
"15.02.2024 22:00";"24.0";"760.6";"762.7";"0.7";"76";"Ветер, дующий с северо-востока";"4";"";"";"Облаков нет.";" ";"";"";"";"29.9";"";"";"";"";"";"10.0";"19.4";"";"";"";"";"";"";
"15.02.2024 19:00";"28.1";"759.9";"762.1";"0.4";"49";"Ветер, дующий с востока";"4";"";"";"40%.";" ";"";"";"";"";"Слоисто-кучевых, слоистых, кучевых или кучево-дождевых облаков нет.";"Облаков нет.";"2500 или более, или облаков нет.";"Высококучевых, высокослоистых или слоисто-дождевых облаков нет.";"Перистые нитевидные, иногда когтевидные, не распространяющиеся по небу.";"10.0";"16.3";"";"";"";"";"";"";
"15.02.2024 16:00";"29.6";"759.5";"761.7";"-1.5";"45";"Ветер, дующий с юго-востока";"4";"";"";"20–30%.";" ";"";"";"";"";"Слоисто-кучевых, слоистых, кучевых или кучево-дождевых облаков нет.";"Облаков нет.";"2500 или более, или облаков нет.";"Высококучевых, высокослоистых или слоисто-дождевых облаков нет.";"Перистые нитевидные, иногда когтевидные, не распространяющиеся по небу.";"10.0";"16.3";"";"";"";"";"";"";
"15.02.2024 13:00";"28.0";"761.0";"763.2";"-1.4";"61";"Ветер, дующий с юго-юго-востока";"5";"";"";"20–30%.";" ";"";"";"";"";"Слоисто-кучевые, образовавшиеся не из кучевых.";"20–30%.";"600-1000";"Высококучевых, высокослоистых или слоисто-дождевых облаков нет.";"Перистых, перисто-кучевых или перисто-слоистых нет.";"10.0";"19.7";"";"";"";"";"";"";
"15.02.2024 10:00";"23.9";"762.4";"764.6";"1.2";"77";"Ветер, дующий с юго-юго-востока";"8";"";"";"Облаков нет.";" ";"";"";"19.3";"";"";"";"";"";"";"10.0";"19.7";"";"";"Cухая (без трещин, заметного количества пыли или сыпучего песка)";"18.0";"";"";
"15.02.2024 07:00";"20.8";"761.2";"763.4";"0.9";"84";"Ветер, дующий с юго-востока";"4";"";"";"Облаков нет.";" ";"";"";"";"";"";"";"";"";"";"10.0";"18.0";"";"";"";"";"";"";
"15.02.2024 04:00";"20.2";"760.3";"762.6";"-0.3";"82";"Ветер, дующий с востока";"3";"";"";"Облаков нет.";" ";"";"";"";"";"";"";"";"";"";"10.0";"17.1";"";"";"";"";"";"";
"15.02.2024 01:00";"21.3";"760.6";"762.8";"-0.3";"85";"Ветер, дующий с востока";"2";"";"";"Облаков нет.";" ";"";"";"";"";"";"";"";"";"";"10.0";"18.7";"";"";"";"";"";"";
"14.02.2024 22:00";"22.8";"760.9";"763.1";"0.9";"78";"Ветер, дующий с востоко-северо-востока";"4";"";"";"Облаков нет.";" ";"";"";"";"28.5";"";"";"";"";"";"10.0";"18.8";"";"";"";"";"";"";
"14.02.2024 19:00";"24.4";"760.0";"762.2";"0.6";"75";"Ветер, дующий с севера";"4";"";"";"Облаков нет.";" ";"";"";"";"";"";"";"";"";"";"10.0";"19.6";"";"";"";"";"";"";
"14.02.2024 16:00";"28.0";"759.4";"761.5";"-1.3";"49";"Ветер, дующий с востоко-юго-востока";"2";"";"";"40%.";" ";"";"";"";"";"Кучевые плоские или кучевые разорванные, или те и другие вместе, не относящиеся к облакам плохой погоды.";"40%.";"1000-1500";"Высококучевых, высокослоистых или слоисто-дождевых облаков нет.";"Перистых, перисто-кучевых или перисто-слоистых нет.";"10.0";"16.2";"";"";"";"";"";"";
"14.02.2024 13:00";"26.2";"760.7";"763.0";"-1.3";"57";"Ветер, дующий с юга";"4";"";"";"20–30%.";" ";"";"";"";"";"Слоисто-кучевые, образовавшиеся не из кучевых.";"20–30%.";"1000-1500";"Высококучевых, высокослоистых или слоисто-дождевых облаков нет.";"Перистых, перисто-кучевых или перисто-слоистых нет.";"10.0";"16.9";"";"";"";"";"";"";
"14.02.2024 10:00";"22.4";"762.0";"764.2";"0.9";"73";"Ветер, дующий с востоко-юго-востока";"3";"";"";"Облаков нет.";" ";"";"";"18.2";"";"";"";"";"";"";"10.0";"17.2";"";"";"Cухая (без трещин, заметного количества пыли или сыпучего песка)";"16.0";"";"";
"14.02.2024 07:00";"18.3";"761.1";"763.3";"0.9";"87";"Ветер, дующий с востока";"2";"";"";"Облаков нет.";" ";"";"";"";"";"";"";"";"";"";"10.0";"16.1";"";"";"";"";"";"";
"14.02.2024 04:00";"18.6";"760.2";"762.4";"-0.4";"88";"Ветер, дующий с северо-востока";"3";"";"";"Облаков нет.";" ";"";"";"";"";"";"";"";"";"";"10.0";"16.6";"";"";"";"";"";"";
"14.02.2024 01:00";"19.9";"760.6";"762.8";"-0.6";"85";"Ветер, дующий с северо-востока";"3";"";"";"Облаков нет.";" ";"";"";"";"";"";"";"";"";"";"10.0";"17.2";"";"";"";"";"";"";
"13.02.2024 22:00";"21.4";"761.2";"763.3";"1.1";"82";"Ветер, дующий с северо-северо-востока";"4";"";"";"Облаков нет.";" ";"";"";"";"25.9";"";"";"";"";"";"10.0";"18.1";"";"";"";"";"";"";
"13.02.2024 19:00";"22.4";"760.1";"762.3";"0.7";"74";"Ветер, дующий с севера";"6";"";"";"Облаков нет.";" ";"";"";"";"";"";"";"";"";"";"10.0";"17.6";"";"";"";"";"";"";
"13.02.2024 16:00";"24.8";"759.4";"761.6";"-1.3";"65";"Ветер, дующий с северо-северо-запада";"7";"";"";"40%.";" ";"";"";"";"";"Кучевые плоские или кучевые разорванные, или те и другие вместе, не относящиеся к облакам плохой погоды.";"40%.";"1000-1500";"Высококучевых, высокослоистых или слоисто-дождевых облаков нет.";"Перистых, перисто-кучевых или перисто-слоистых нет.";"10.0";"17.7";"";"";"";"";"";"";
"13.02.2024 13:00";"24.4";"760.7";"763.0";"-1.3";"58";"Ветер, дующий с северо-востока";"5";"";"";"20–30%.";" ";"";"";"";"";"Слоисто-кучевые, образовавшиеся не из кучевых.";"20–30%.";"1000-1500";"Высококучевых, высокослоистых или слоисто-дождевых облаков нет.";"Перистых, перисто-кучевых или перисто-слоистых нет.";"10.0";"15.5";"";"";"";"";"";"";
"13.02.2024 10:00";"21.0";"762.0";"764.2";"1.2";"71";"Ветер, дующий с северо-северо-востока";"4";"";"";"40%.";" ";"";"";"17.5";"";"Слоисто-кучевых, слоистых, кучевых или кучево-дождевых облаков нет.";"40%.";"2500 или более, или облаков нет.";"Высококучевые просвечивающие, расположенные на одном уровне.";"Перистых, перисто-кучевых или перисто-слоистых нет.";"10.0";"15.6";"";"";"Cухая (без трещин, заметного количества пыли или сыпучего песка)";"16.0";"";"";
"13.02.2024 07:00";"17.7";"760.8";"763.0";"1.1";"88";"Ветер, дующий с севера";"5";"";"";"40%.";" ";"";"";"";"";"Слоисто-кучевые, образовавшиеся не из кучевых.";"40%.";"1000-1500";"Высококучевых, высокослоистых или слоисто-дождевых облаков нет.";"Перистых, перисто-кучевых или перисто-слоистых нет.";"10.0";"15.7";"";"";"";"";"";"";
"13.02.2024 04:00";"18.8";"759.7";"762.0";"-0.4";"85";"Ветер, дующий с севера";"5";"";"";"20–30%.";" ";"";"";"";"";"Слоисто-кучевые, образовавшиеся не из кучевых.";"20–30%.";"1000-1500";"Высококучевых, высокослоистых или слоисто-дождевых облаков нет.";"Перистых, перисто-кучевых или перисто-слоистых нет.";"10.0";"16.3";"14.0";"12";"";"";"";"";
"13.02.2024 01:00";"18.2";"760.1";"762.4";"0.1";"90";"Ветер, дующий с северо-северо-запада";"3";"";"";"Облаков нет.";" ";"";"";"";"";"";"";"";"";"";"10.0";"16.6";"";"";"";"";"";"";
"12.02.2024 22:00";"19.3";"760.0";"762.2";"0.6";"88";"Ветер, дующий с северо-востока";"5";"";"";"10%  или менее, но не 0";"Облака в целом рассеиваются или становятся менее развитыми. ";"Гроза (грозы) с осадками или без них.";"Дождь.";"";"24.2";"Слоисто-кучевых, слоистых, кучевых или кучево-дождевых облаков нет.";"10%  или менее, но не 0";"2500 или более, или облаков нет.";"Высококучевые просвечивающие, расположенные на одном уровне.";"Перистых, перисто-кучевых или перисто-слоистых нет.";"10.0";"17.3";"";"";"";"";"";"";
"12.02.2024 19:00";"18.2";"759.4";"761.7";"1.4";"92";"Ветер, дующий с северо-северо-запада";"12";"";"";"100%.";"Гроза сильная без града, но с дождем и/или снегом в срок наблюдения. ";"Гроза (грозы) с осадками или без них.";"Дождь.";"";"";"Кучево-дождевые волокнистые (часто с наковальней), либо с кучево-дождевыми лысыми, кучевыми, слоистыми, разорванно-дождевыми, либо без них.";"100%.";"300-600";"";"";"1.0";"16.9";"";"";"";"";"";"";
"12.02.2024 16:00";"24.1";"758.0";"760.1";"-1.2";"71";"Ветер, дующий с северо-востока";"3";"";"";"50%.";" ";"";"";"";"";"Кучевые и слоисто-кучевые (но не слоисто-кучевые, образовавшиеся из кучевых), основания расположены на разных уровнях.";"50%.";"600-1000";"Высококучевых, высокослоистых или слоисто-дождевых облаков нет.";"Перистых, перисто-кучевых или перисто-слоистых нет.";"10.0";"18.6";"18.0";"24";"";"";"";"";
"12.02.2024 13:00";"22.5";"759.2";"761.4";"-1.4";"78";"Ветер, дующий с востоко-северо-востока";"7";"";"";"70 – 80%.";" ";"";"";"";"";"Слоисто-кучевые, образовавшиеся не из кучевых.";"70 – 80%.";"300-600";"";"";"10.0";"18.5";"";"";"";"";"";"";
"12.02.2024 10:00";"19.5";"760.6";"762.8";"1.0";"86";"Ветер, дующий с востоко-северо-востока";"9";"";"";"70 – 80%.";"Дождь (незамерзающий) неливневый. ";"Гроза (грозы) с осадками или без них.";"Дождь.";"17.4";"";"Слоистые разорванные или кучевые разорванные облака плохой погоды, либо те и другие вместе (разорванно-дождевые); обычно расположены под слоистыми или слоисто-дождевыми облаками.";"40%.";"300-600";"Высококучевые просвечивающие, расположенные на одном уровне.";"";"10.0";"17.0";"";"";"Cухая (без трещин, заметного количества пыли или сыпучего песка)";"16.0";"";"";
"12.02.2024 07:00";"17.8";"759.6";"761.8";"1.1";"97";"Ветер, дующий с севера";"5";"";"";"100%.";"Гроза сильная без града, но с дождем и/или снегом в срок наблюдения. ";"Гроза (грозы) с осадками или без них.";"Дождь.";"";"";"Кучево-дождевые волокнистые (часто с наковальней), либо с кучево-дождевыми лысыми, кучевыми, слоистыми, разорванно-дождевыми, либо без них.";"70 – 80%.";"600-1000";"Высокослоистые непросвечивающие или слоисто-дождевые.";"";"3.0";"17.3";"";"";"";"";"";"";
"12.02.2024 04:00";"17.5";"758.5";"760.7";"-1.1";"91";"Ветер, дующий с северо-северо-востока";"2";"";"";"100%.";"Гроза сильная без града, но с дождем и/или снегом в срок наблюдения. ";"Гроза (грозы) с осадками или без них.";"Дождь.";"";"";"Кучево-дождевые волокнистые (часто с наковальней), либо с кучево-дождевыми лысыми, кучевыми, слоистыми, разорванно-дождевыми, либо без них.";"70 – 80%.";"600-1000";"Высокослоистые непросвечивающие или слоисто-дождевые.";"";"2.0";"16.0";"7.0";"12";"";"";"";"";
"12.02.2024 01:00";"17.9";"759.6";"761.8";"-1.4";"87";"Ветер, дующий с востоко-северо-востока";"5";"";"";"60%.";"Состояние неба в общем не изменилось. ";"Дождь.";"Облака покрывали более половины неба в течение всего соответствующего периода.";"";"";"Слоисто-кучевые, образовавшиеся не из кучевых.";"40%.";"1000-1500";"Высококучевые просвечивающие, расположенные на одном уровне.";"Перистых, перисто-кучевых или перисто-слоистых нет.";"10.0";"15.7";"";"";"";"";"";"";
"11.02.2024 22:00";"18.4";"761.0";"763.3";"0.7";"87";"Ветер, дующий с северо-востока";"4";"";"";"90  или более, но не 100%";"Дождь незамерзающий с перерывами слабый в срок наблюдения. ";"Дождь.";"Облака покрывали более половины неба в течение всего соответствующего периода.";"";"20.2";"Слоисто-кучевые, образовавшиеся не из кучевых.";"20–30%.";"1000-1500";"Высококучевые просвечивающие, расположенные на одном уровне.";"";"8.0";"16.1";"";"";"";"";"";"";
"11.02.2024 19:00";"19.6";"760.3";"762.4";"-1.2";"75";"Ветер, дующий с востоко-юго-востока";"5";"";"";"60%.";" ";"";"";"";"";"Слоисто-кучевые, образовавшиеся не из кучевых.";"20–30%.";"1000-1500";"Высококучевые просвечивающие, расположенные на одном уровне.";"Перистых, перисто-кучевых или перисто-слоистых нет.";"10.0";"15.1";"";"";"";"";"";"";
"11.02.2024 16:00";"19.9";"761.5";"763.7";"-1.2";"62";"Ветер, дующий с северо-востока";"4";"";"";"90  или более, но не 100%";"Дождь (незамерзающий) неливневый. ";"Дождь.";"Облака покрывали более половины неба в течение всего соответствующего периода.";"";"";"Слоисто-кучевые, образовавшиеся не из кучевых.";"40%.";"1000-1500";"Высококучевые просвечивающие, расположенные на одном уровне.";"";"10.0";"12.3";"2.0";"12";"";"";"";"";
"11.02.2024 13:00";"19.6";"762.7";"765.0";"-1.2";"51";"Ветер, дующий с востока";"3";"";"";"100%.";"Облака в целом образовывались или развивались. ";"Дождь.";"Облака покрывали более половины неба в течение всего соответствующего периода.";"";"";"Слоисто-кучевые, образовавшиеся не из кучевых.";"40%.";"1000-1500";"Высокослоистые непросвечивающие или слоисто-дождевые.";"";"10.0";"9.1";"";"";"";"";"";"";
"11.02.2024 10:00";"18.1";"763.9";"766.2";"1.1";"80";"Ветер, дующий с востока";"4";"";"";"100%.";"Дождь незамерзающий с перерывами слабый в срок наблюдения. ";"Дождь.";"Облака покрывали более половины неба в течение всего соответствующего периода.";"17.2";"";"Слоисто-кучевые, образовавшиеся не из кучевых.";"40%.";"1000-1500";"Высокослоистые непросвечивающие или слоисто-дождевые.";"";"7.0";"14.6";"";"";"Cухая (без трещин, заметного количества пыли или сыпучего песка)";"16.0";"";"";
"11.02.2024 07:00";"19.8";"762.8";"765.1";"2.2";"78";"Ветер, дующий с северо-запада";"2";"";"";"70 – 80%.";"Дождь (незамерзающий) неливневый. ";"Дождь.";"Облака покрывали более половины неба в течение одной части соответствующего периода и половину или менее в течение другой части периода.";"";"";"Слоисто-кучевые, образовавшиеся не из кучевых.";"20–30%.";"1500-2000";"Высококучевые просвечивающие, расположенные на одном уровне.";"";"10.0";"15.9";"";"";"";"";"";"";
"11.02.2024 04:00";"17.9";"760.6";"762.9";"-0.9";"75";"Ветер, дующий с северо-северо-востока";"4";"";"";"40%.";" ";"";"";"";"";"Слоисто-кучевых, слоистых, кучевых или кучево-дождевых облаков нет.";"40%.";"2500 или более, или облаков нет.";"Высококучевые просвечивающие, расположенные на одном уровне.";"Перистых, перисто-кучевых или перисто-слоистых нет.";"10.0";"13.3";"";"";"";"";"";"";
"11.02.2024 01:00";"18.7";"761.5";"763.7";"-0.7";"67";"Ветер, дующий с северо-северо-востока";"3";"";"";"40%.";" ";"";"";"";"";"Слоисто-кучевых, слоистых, кучевых или кучево-дождевых облаков нет.";"40%.";"2500 или более, или облаков нет.";"Высококучевые просвечивающие, расположенные на одном уровне.";"Перистых, перисто-кучевых или перисто-слоистых нет.";"10.0";"12.5";"";"";"";"";"";"";
"10.02.2024 22:00";"19.0";"762.2";"764.5";"0.7";"66";"Переменное направление";"3";"";"";"Облаков нет.";" ";"";"";"";"24.1";"";"";"";"";"";"10.0";"12.4";"";"";"";"";"";"";
"10.02.2024 19:00";"20.5";"761.5";"763.8";"0.3";"61";"Ветер, дующий с северо-северо-запада";"5";"";"";"Облаков нет.";" ";"";"";"";"";"";"";"";"";"";"10.0";"12.8";"";"";"";"";"";"";
"10.02.2024 16:00";"22.5";"761.2";"763.3";"-1.1";"51";"Ветер, дующий с северо-запада";"5";"";"";"Облаков нет.";" ";"";"";"";"";"";"";"";"";"";"10.0";"11.7";"";"";"";"";"";"";
"10.02.2024 13:00";"22.7";"762.3";"764.5";"-1.6";"47";"Ветер, дующий с запада";"4";"";"";"Облаков нет.";" ";"";"";"";"";"";"";"";"";"";"10.0";"10.7";"";"";"";"";"";"";
"10.02.2024 10:00";"19.8";"763.9";"766.1";"1.1";"61";"Ветер, дующий с юго-востока";"3";"";"";"Облаков нет.";" ";"";"";"14.0";"";"";"";"";"";"";"10.0";"11.9";"";"";"Cухая (без трещин, заметного количества пыли или сыпучего песка)";"12.0";"";"";
"10.02.2024 07:00";"14.1";"762.8";"765.1";"0.7";"79";"Ветер, дующий с юга";"2";"";"";"50%.";" ";"";"";"";"";"Слоисто-кучевые, образовавшиеся не из кучевых.";"20–30%.";"1000-1500";"Высококучевых, высокослоистых или слоисто-дождевых облаков нет.";"Перистые нитевидные, иногда когтевидные, не распространяющиеся по небу.";"10.0";"10.4";"";"";"";"";"";"";
"10.02.2024 04:00";"16.1";"762.1";"764.2";"-0.7";"73";"Переменное направление";"2";"";"";"20–30%.";" ";"";"";"";"";"Слоисто-кучевых, слоистых, кучевых или кучево-дождевых облаков нет.";"Облаков нет.";"2500 или более, или облаков нет.";"Высококучевых, высокослоистых или слоисто-дождевых облаков нет.";"Перистые нитевидные, иногда когтевидные, не распространяющиеся по небу.";"10.0";"11.3";"";"";"";"";"";"";
"10.02.2024 01:00";"18.4";"762.8";"765.1";"0.0";"66";"Ветер, дующий с северо-запада";"2";"";"";"40%.";" ";"";"";"";"";"Слоисто-кучевые, образовавшиеся не из кучевых.";"40%.";"600-1000";"Высококучевых, высокослоистых или слоисто-дождевых облаков нет.";"Перистых, перисто-кучевых или перисто-слоистых нет.";"10.0";"12.0";"";"";"";"";"";"";
"09.02.2024 22:00";"18.9";"762.8";"765.1";"0.5";"66";"Ветер, дующий с запада";"2";"";"";"10%  или менее, но не 0";" ";"";"";"";"22.9";"Слоисто-кучевые, образовавшиеся не из кучевых.";"10%  или менее, но не 0";"600-1000";"Высококучевых, высокослоистых или слоисто-дождевых облаков нет.";"Перистых, перисто-кучевых или перисто-слоистых нет.";"10.0";"12.3";"";"";"";"";"";"";
"09.02.2024 19:00";"19.9";"762.3";"764.5";"0.2";"60";"Ветер, дующий с западо-северо-запада";"4";"";"";"Облаков нет.";" ";"";"";"";"";"";"";"";"";"";"10.0";"11.8";"";"";"";"";"";"";
"09.02.2024 16:00";"21.8";"762.1";"764.3";"-1.3";"48";"Ветер, дующий с западо-северо-запада";"6";"";"";"Облаков нет.";" ";"";"";"";"";"";"";"";"";"";"10.0";"10.4";"";"";"";"";"";"";
"09.02.2024 13:00";"22.2";"763.4";"765.7";"-1.1";"48";"Ветер, дующий с западо-северо-запада";"5";"";"";"10%  или менее, но не 0";" ";"";"";"";"";"Слоисто-кучевые, образовавшиеся не из кучевых.";"10%  или менее, но не 0";"1000-1500";"Высококучевых, высокослоистых или слоисто-дождевых облаков нет.";"Перистых, перисто-кучевых или перисто-слоистых нет.";"10.0";"10.5";"";"";"";"";"";"";
"09.02.2024 10:00";"20.9";"764.5";"766.8";"1.3";"55";"Ветер, дующий с запада";"3";"";"";"10%  или менее, но не 0";" ";"";"";"15.3";"";"Слоисто-кучевые, образовавшиеся не из кучевых.";"10%  или менее, но не 0";"1000-1500";"Высококучевых, высокослоистых или слоисто-дождевых облаков нет.";"Перистых, перисто-кучевых или перисто-слоистых нет.";"10.0";"11.4";"";"";"Cухая (без трещин, заметного количества пыли или сыпучего песка)";"13.0";"";"";
"09.02.2024 07:00";"16.0";"763.2";"765.5";"0.8";"73";"Ветер, дующий с западо-юго-запада";"2";"";"";"20–30%.";" ";"";"";"";"";"Слоисто-кучевые, образовавшиеся не из кучевых.";"20–30%.";"1000-1500";"Высококучевых, высокослоистых или слоисто-дождевых облаков нет.";"Перистых, перисто-кучевых или перисто-слоистых нет.";"10.0";"11.2";"";"";"";"";"";"";
"09.02.2024 04:00";"18.3";"762.4";"764.7";"-1.1";"66";"Ветер, дующий с западо-северо-запада";"3";"";"";"20–30%.";" ";"";"";"";"";"Слоисто-кучевые, образовавшиеся не из кучевых.";"20–30%.";"1000-1500";"Высококучевых, высокослоистых или слоисто-дождевых облаков нет.";"Перистых, перисто-кучевых или перисто-слоистых нет.";"10.0";"11.9";"";"";"";"";"";"";
"09.02.2024 01:00";"19.2";"763.5";"765.7";"-0.7";"62";"Ветер, дующий с запада";"3";"";"";"50%.";" ";"";"";"";"";"Слоисто-кучевые, образовавшиеся не из кучевых.";"50%.";"1000-1500";"Высококучевых, высокослоистых или слоисто-дождевых облаков нет.";"Перистых, перисто-кучевых или перисто-слоистых нет.";"10.0";"11.8";"";"";"";"";"";"";
"08.02.2024 22:00";"19.3";"764.2";"766.4";"0.6";"64";"Ветер, дующий с запада";"3";"";"";"40%.";" ";"";"";"";"22.7";"Слоисто-кучевые, образовавшиеся не из кучевых.";"40%.";"1000-1500";"Высококучевых, высокослоистых или слоисто-дождевых облаков нет.";"Перистых, перисто-кучевых или перисто-слоистых нет.";"10.0";"12.2";"";"";"";"";"";"";
"08.02.2024 19:00";"20.1";"763.6";"765.8";"0.6";"57";"Ветер, дующий с западо-северо-запада";"5";"";"";"10%  или менее, но не 0";" ";"";"";"";"";"Слоисто-кучевые, образовавшиеся не из кучевых.";"10%  или менее, но не 0";"1000-1500";"Высококучевых, высокослоистых или слоисто-дождевых облаков нет.";"Перистых, перисто-кучевых или перисто-слоистых нет.";"10.0";"11.4";"";"";"";"";"";"";
"08.02.2024 16:00";"22.0";"763.0";"765.4";"-1.8";"50";"Ветер, дующий с западо-северо-запада";"7";"";"";"20–30%.";" ";"";"";"";"";"Слоисто-кучевые, образовавшиеся не из кучевых.";"20–30%.";"1000-1500";"Высококучевых, высокослоистых или слоисто-дождевых облаков нет.";"Перистых, перисто-кучевых или перисто-слоистых нет.";"10.0";"11.0";"";"";"";"";"";"";
"08.02.2024 13:00";"22.3";"764.8";"767.0";"-1.6";"45";"Ветер, дующий с западо-северо-запада";"6";"";"";"40%.";" ";"";"";"";"";"Слоисто-кучевые, образовавшиеся не из кучевых.";"20–30%.";"1000-1500";"Высококучевых, высокослоистых или слоисто-дождевых облаков нет.";"Перистые нитевидные, иногда когтевидные, не распространяющиеся по небу.";"10.0";"9.6";"";"";"";"";"";"";
"08.02.2024 10:00";"20.6";"766.4";"768.7";"1.6";"55";"Ветер, дующий с запада";"5";"";"";"50%.";" ";"";"";"14.3";"";"Слоисто-кучевые, образовавшиеся не из кучевых.";"40%.";"1000-1500";"Высококучевых, высокослоистых или слоисто-дождевых облаков нет.";"Перистые нитевидные, иногда когтевидные, не распространяющиеся по небу.";"10.0";"11.1";"";"";"Cухая (без трещин, заметного количества пыли или сыпучего песка)";"13.0";"";"";
"08.02.2024 07:00";"14.4";"764.8";"767.2";"0.8";"77";"Ветер, дующий с юго-юго-запада";"3";"";"";"40%.";" ";"";"";"";"";"Слоисто-кучевые, образовавшиеся не из кучевых.";"40%.";"1000-1500";"Высококучевых, высокослоистых или слоисто-дождевых облаков нет.";"Перистых, перисто-кучевых или перисто-слоистых нет.";"10.0";"10.4";"";"";"";"";"";"";
"08.02.2024 04:00";"15.2";"764.0";"766.3";"-0.5";"73";"Ветер, дующий с юго-запада";"2";"";"";"20–30%.";" ";"";"";"";"";"Слоисто-кучевые, образовавшиеся не из кучевых.";"20–30%.";"1000-1500";"Высококучевых, высокослоистых или слоисто-дождевых облаков нет.";"Перистых, перисто-кучевых или перисто-слоистых нет.";"10.0";"10.4";"";"";"";"";"";"";
"08.02.2024 01:00";"18.6";"764.5";"766.8";"-0.3";"57";"Ветер, дующий с запада";"2";"";"";"20–30%.";" ";"";"";"";"";"Слоисто-кучевые, образовавшиеся не из кучевых.";"20–30%.";"1000-1500";"Высококучевых, высокослоистых или слоисто-дождевых облаков нет.";"Перистых, перисто-кучевых или перисто-слоистых нет.";"10.0";"9.8";"";"";"";"";"";"";
"07.02.2024 22:00";"19.5";"764.8";"767.0";"0.9";"54";"Ветер, дующий с запада";"2";"";"";"20–30%.";" ";"";"";"";"23.3";"Слоисто-кучевые, образовавшиеся не из кучевых.";"20–30%.";"1000-1500";"Высококучевых, высокослоистых или слоисто-дождевых облаков нет.";"Перистых, перисто-кучевых или перисто-слоистых нет.";"10.0";"9.8";"";"";"";"";"";"";
"07.02.2024 19:00";"20.5";"763.9";"766.1";"0.9";"49";"Ветер, дующий с запада";"5";"";"";"10%  или менее, но не 0";" ";"";"";"";"";"Слоисто-кучевых, слоистых, кучевых или кучево-дождевых облаков нет.";"10%  или менее, но не 0";"2500 или более, или облаков нет.";"Высококучевые просвечивающие, расположенные на одном уровне.";"Перистых, перисто-кучевых или перисто-слоистых нет.";"10.0";"9.3";"";"";"";"";"";"";
"07.02.2024 16:00";"22.1";"763.0";"765.3";"-1.3";"48";"Ветер, дующий с западо-северо-запада";"7";"";"";"70 – 80%.";" ";"";"";"";"";"Слоисто-кучевые, образовавшиеся не из кучевых.";"20–30%.";"1000-1500";"Высококучевых, высокослоистых или слоисто-дождевых облаков нет.";"Перисто-слоистые, не распространяющиеся по небу и не покрывающие его полностью.";"10.0";"10.4";"";"";"";"";"";"";
"07.02.2024 13:00";"22.1";"764.3";"766.6";"-1.1";"44";"Ветер, дующий с северо-запада";"7";"";"";"70 – 80%.";" ";"";"";"";"";"Слоисто-кучевые, образовавшиеся не из кучевых.";"20–30%.";"1000-1500";"Высококучевых, высокослоистых или слоисто-дождевых облаков нет.";"Перисто-слоистые, покрывающие все небо.";"10.0";"9.1";"";"";"";"";"";"";
"07.02.2024 10:00";"21.2";"765.4";"767.6";"1.1";"50";"Ветер, дующий с северо-запада";"6";"";"";"60%.";" ";"";"";"17.0";"";"Слоисто-кучевые, образовавшиеся не из кучевых.";"20–30%.";"1000-1500";"Высококучевых, высокослоистых или слоисто-дождевых облаков нет.";"Перистые нитевидные, иногда когтевидные, не распространяющиеся по небу.";"10.0";"10.2";"";"";"Cухая (без трещин, заметного количества пыли или сыпучего песка)";"16.0";"";"";
"07.02.2024 07:00";"18.8";"764.3";"766.6";"0.9";"58";"Ветер, дующий с западо-северо-запада";"4";"";"";"50%.";" ";"";"";"";"";"Слоисто-кучевые, образовавшиеся не из кучевых.";"40%.";"1000-1500";"Высококучевых, высокослоистых или слоисто-дождевых облаков нет.";"Перистые нитевидные, иногда когтевидные, не распространяющиеся по небу.";"10.0";"10.4";"";"";"";"";"";"";
"07.02.2024 04:00";"18.7";"763.4";"765.7";"-0.3";"59";"Ветер, дующий с запада";"4";"";"";"20–30%.";" ";"";"";"";"";"Слоисто-кучевые, образовавшиеся не из кучевых.";"20–30%.";"1000-1500";"Высококучевых, высокослоистых или слоисто-дождевых облаков нет.";"Перистых, перисто-кучевых или перисто-слоистых нет.";"10.0";"10.6";"";"";"";"";"";"";
"07.02.2024 01:00";"18.9";"763.7";"766.0";"-0.6";"56";"Ветер, дующий с западо-северо-запада";"5";"";"";"Облаков нет.";" ";"";"";"";"";"";"";"";"";"";"10.0";"10.0";"";"";"";"";"";"";
"06.02.2024 22:00";"19.5";"764.3";"766.5";"1.1";"58";"Ветер, дующий с запада";"4";"";"";"10%  или менее, но не 0";" ";"";"";"";"23.7";"Слоисто-кучевых, слоистых, кучевых или кучево-дождевых облаков нет.";"Облаков нет.";"2500 или более, или облаков нет.";"Высококучевых, высокослоистых или слоисто-дождевых облаков нет.";"Перистые нитевидные, иногда когтевидные, не распространяющиеся по небу.";"10.0";"11.1";"";"";"";"";"";"";
"06.02.2024 19:00";"20.8";"763.2";"765.4";"0.8";"53";"Ветер, дующий с северо-запада";"5";"";"";"60%.";" ";"";"";"";"";"Слоисто-кучевых, слоистых, кучевых или кучево-дождевых облаков нет.";"20–30%.";"2500 или более, или облаков нет.";"Высококучевые просвечивающие, расположенные на одном уровне.";"Перистые нитевидные, иногда когтевидные, не распространяющиеся по небу.";"10.0";"10.7";"";"";"";"";"";"";
"06.02.2024 16:00";"22.6";"762.4";"764.6";"-0.9";"43";"Ветер, дующий с северо-запада";"8";"";"";"20–30%.";" ";"";"";"";"";"Слоисто-кучевых, слоистых, кучевых или кучево-дождевых облаков нет.";"Облаков нет.";"2500 или более, или облаков нет.";"Высококучевых, высокослоистых или слоисто-дождевых облаков нет.";"Перистые нитевидные, иногда когтевидные, не распространяющиеся по небу.";"10.0";"9.2";"";"";"";"";"";"";
"06.02.2024 13:00";"23.1";"763.3";"765.5";"-0.9";"44";"Ветер, дующий с северо-запада";"9";"";"";"40%.";" ";"";"";"";"";"Слоисто-кучевых, слоистых, кучевых или кучево-дождевых облаков нет.";"Облаков нет.";"2500 или более, или облаков нет.";"Высококучевых, высокослоистых или слоисто-дождевых облаков нет.";"Перистые нитевидные, иногда когтевидные, не распространяющиеся по небу.";"10.0";"10.0";"";"";"";"";"";"";
"06.02.2024 10:00";"22.1";"764.2";"766.4";"1.5";"50";"Ветер, дующий с северо-запада";"8";"";"";"40%.";" ";"";"";"16.7";"";"Слоисто-кучевых, слоистых, кучевых или кучево-дождевых облаков нет.";"Облаков нет.";"2500 или более, или облаков нет.";"Высококучевых, высокослоистых или слоисто-дождевых облаков нет.";"Перистые нитевидные, иногда когтевидные, не распространяющиеся по небу.";"10.0";"11.3";"";"";"Cухая (без трещин, заметного количества пыли или сыпучего песка)";"15.0";"";"";
"06.02.2024 07:00";"18.9";"762.7";"764.9";"0.9";"71";"Ветер, дующий с западо-северо-запада";"3";"";"";"50%.";" ";"";"";"";"";"Слоисто-кучевых, слоистых, кучевых или кучево-дождевых облаков нет.";"50%.";"2500 или более, или облаков нет.";"Высококучевые просвечивающие, расположенные на одном уровне.";"Перистых, перисто-кучевых или перисто-слоистых нет.";"10.0";"13.4";"";"";"";"";"";"";
"06.02.2024 04:00";"19.2";"761.8";"763.9";"-0.3";"66";"Ветер, дующий с западо-северо-запада";"4";"";"";"20–30%.";" ";"";"";"";"";"Слоисто-кучевых, слоистых, кучевых или кучево-дождевых облаков нет.";"20–30%.";"2500 или более, или облаков нет.";"Высококучевые просвечивающие, расположенные на одном уровне.";"Перистых, перисто-кучевых или перисто-слоистых нет.";"10.0";"12.6";"";"";"";"";"";"";
"06.02.2024 01:00";"18.5";"762.1";"764.3";"-0.4";"67";"Ветер, дующий с юго-юго-запада";"2";"";"";"50%.";" ";"";"";"";"";"Слоисто-кучевых, слоистых, кучевых или кучево-дождевых облаков нет.";"50%.";"2500 или более, или облаков нет.";"Высококучевые просвечивающие, расположенные на одном уровне.";"Перистых, перисто-кучевых или перисто-слоистых нет.";"10.0";"12.3";"";"";"";"";"";"";
"05.02.2024 22:00";"19.8";"762.5";"764.8";"0.1";"61";"Ветер, дующий с запада";"4";"";"";"50%.";" ";"";"";"";"22.7";"Слоисто-кучевых, слоистых, кучевых или кучево-дождевых облаков нет.";"50%.";"2500 или более, или облаков нет.";"Высококучевые просвечивающие, расположенные на одном уровне.";"Перистых, перисто-кучевых или перисто-слоистых нет.";"10.0";"11.9";"";"";"";"";"";"";
"05.02.2024 19:00";"20.3";"762.4";"764.5";"1.0";"59";"Ветер, дующий с западо-северо-запада";"4";"";"";"20–30%.";" ";"";"";"";"";"Слоисто-кучевых, слоистых, кучевых или кучево-дождевых облаков нет.";"Облаков нет.";"2500 или более, или облаков нет.";"Высококучевых, высокослоистых или слоисто-дождевых облаков нет.";"Перистые нитевидные, иногда когтевидные, не распространяющиеся по небу.";"10.0";"11.9";"";"";"";"";"";"";
"05.02.2024 16:00";"21.7";"761.4";"763.6";"-1.5";"53";"Ветер, дующий с западо-северо-запада";"8";"";"";"60%.";" ";"";"";"";"";"Слоисто-кучевых, слоистых, кучевых или кучево-дождевых облаков нет.";"60%.";"2500 или более, или облаков нет.";"Высококучевые просвечивающие, расположенные на одном уровне.";"Перистых, перисто-кучевых или перисто-слоистых нет.";"10.0";"11.8";"";"";"";"";"";"";
"05.02.2024 13:00";"22.0";"762.9";"765.1";"-1.3";"49";"Ветер, дующий с северо-запада";"7";"";"";"50%.";" ";"";"";"";"";"Слоисто-кучевых, слоистых, кучевых или кучево-дождевых облаков нет.";"Облаков нет.";"2500 или более, или облаков нет.";"Высококучевых, высокослоистых или слоисто-дождевых облаков нет.";"Перистые нитевидные, иногда когтевидные, не распространяющиеся по небу.";"10.0";"10.9";"";"";"";"";"";"";
"05.02.2024 10:00";"21.3";"764.2";"766.4";"1.0";"51";"Ветер, дующий с западо-северо-запада";"7";"";"";"50%.";" ";"";"";"15.4";"";"Слоисто-кучевых, слоистых, кучевых или кучево-дождевых облаков нет.";"10%  или менее, но не 0";"2500 или более, или облаков нет.";"Высококучевые просвечивающие, расположенные на одном уровне.";"Перистые нитевидные, иногда когтевидные, не распространяющиеся по небу.";"10.0";"10.6";"";"";"Cухая (без трещин, заметного количества пыли или сыпучего песка)";"14.0";"";"";
"05.02.2024 07:00";"15.8";"763.2";"765.4";"0.8";"73";"Ветер, дующий с запада";"4";"";"";"20–30%.";" ";"";"";"";"";"Слоисто-кучевых, слоистых, кучевых или кучево-дождевых облаков нет.";"Облаков нет.";"2500 или более, или облаков нет.";"Высококучевых, высокослоистых или слоисто-дождевых облаков нет.";"Перистые нитевидные, иногда когтевидные, не распространяющиеся по небу.";"10.0";"11.0";"";"";"";"";"";"";
"05.02.2024 04:00";"16.0";"762.4";"764.7";"-0.4";"66";"Ветер, дующий с запада";"2";"";"";"Облаков нет.";" ";"";"";"";"";"";"";"";"";"";"10.0";"9.7";"";"";"";"";"";"";
"05.02.2024 01:00";"18.4";"762.8";"765.1";"-0.5";"59";"Ветер, дующий с запада";"3";"";"";"Облаков нет.";" ";"";"";"";"";"";"";"";"";"";"10.0";"10.3";"";"";"";"";"";"";
"04.02.2024 22:00";"18.7";"763.3";"765.4";"0.6";"52";"Ветер, дующий с запада";"3";"";"";"Облаков нет.";" ";"";"";"";"22.1";"";"";"";"";"";"10.0";"8.5";"";"";"";"";"";"";
"04.02.2024 19:00";"19.3";"762.7";"765.0";"0.6";"50";"Ветер, дующий с западо-северо-запада";"5";"";"";"Облаков нет.";" ";"";"";"";"";"";"";"";"";"";"10.0";"8.7";"";"";"";"";"";"";
"04.02.2024 16:00";"20.5";"762.1";"764.4";"-1.2";"52";"Ветер, дующий с западо-северо-запада";"8";"";"";"40%.";" ";"";"";"";"";"Слоисто-кучевые, образовавшиеся не из кучевых.";"40%.";"1000-1500";"Высококучевых, высокослоистых или слоисто-дождевых облаков нет.";"Перистых, перисто-кучевых или перисто-слоистых нет.";"10.0";"10.4";"";"";"";"";"";"";
"04.02.2024 13:00";"21.4";"763.3";"765.6";"-1.3";"46";"Ветер, дующий с западо-северо-запада";"7";"";"";"20–30%.";" ";"";"";"";"";"Слоисто-кучевые, образовавшиеся не из кучевых.";"20–30%.";"1000-1500";"Высококучевых, высокослоистых или слоисто-дождевых облаков нет.";"Перистых, перисто-кучевых или перисто-слоистых нет.";"10.0";"9.4";"";"";"";"";"";"";
"04.02.2024 10:00";"20.3";"764.6";"766.9";"1.5";"52";"Ветер, дующий с западо-северо-запада";"8";"";"";"20–30%.";" ";"";"";"18.2";"";"Слоисто-кучевые, образовавшиеся не из кучевых.";"20–30%.";"1000-1500";"Высококучевых, высокослоистых или слоисто-дождевых облаков нет.";"Перистых, перисто-кучевых или перисто-слоистых нет.";"10.0";"10.0";"";"";"Cухая (без трещин, заметного количества пыли или сыпучего песка)";"17.0";"";"";
"04.02.2024 07:00";"18.4";"763.1";"765.4";"1.0";"61";"Ветер, дующий с западо-северо-запада";"6";"";"";"20–30%.";" ";"";"";"";"";"Слоисто-кучевых, слоистых, кучевых или кучево-дождевых облаков нет.";"20–30%.";"2500 или более, или облаков нет.";"Высококучевые просвечивающие, расположенные на одном уровне.";"Перистых, перисто-кучевых или перисто-слоистых нет.";"10.0";"10.6";"";"";"";"";"";"";
"04.02.2024 04:00";"18.3";"762.1";"764.3";"-0.3";"64";"Ветер, дующий с западо-северо-запада";"5";"";"";"20–30%.";" ";"";"";"";"";"Слоисто-кучевых, слоистых, кучевых или кучево-дождевых облаков нет.";"20–30%.";"2500 или более, или облаков нет.";"Высококучевые просвечивающие, расположенные на одном уровне.";"Перистых, перисто-кучевых или перисто-слоистых нет.";"10.0";"11.4";"";"";"";"";"";"";
"04.02.2024 01:00";"18.8";"762.4";"764.7";"-0.9";"60";"Ветер, дующий с западо-северо-запада";"5";"";"";"50%.";" ";"";"";"";"";"Слоисто-кучевых, слоистых, кучевых или кучево-дождевых облаков нет.";"50%.";"2500 или более, или облаков нет.";"Высококучевые просвечивающие, расположенные на одном уровне.";"Перистых, перисто-кучевых или перисто-слоистых нет.";"10.0";"10.9";"";"";"";"";"";"";
"03.02.2024 22:00";"19.2";"763.3";"765.4";"0.8";"53";"Ветер, дующий с западо-северо-запада";"5";"";"";"50%.";" ";"";"";"";"21.2";"Слоисто-кучевых, слоистых, кучевых или кучево-дождевых облаков нет.";"50%.";"2500 или более, или облаков нет.";"Высококучевые просвечивающие, расположенные на одном уровне.";"Перистых, перисто-кучевых или перисто-слоистых нет.";"10.0";"9.2";"";"";"";"";"";"";
"03.02.2024 19:00";"19.6";"762.5";"764.8";"1.3";"54";"Ветер, дующий с западо-северо-запада";"5";"";"";"50%.";" ";"";"";"";"";"Слоисто-кучевых, слоистых, кучевых или кучево-дождевых облаков нет.";"50%.";"2500 или более, или облаков нет.";"Высококучевые просвечивающие, расположенные на одном уровне.";"Перистых, перисто-кучевых или перисто-слоистых нет.";"10.0";"9.9";"";"";"";"";"";"";
"03.02.2024 16:00";"20.2";"761.2";"763.5";"-1.0";"51";"Ветер, дующий с западо-северо-запада";"8";"";"";"90  или более, но не 100%";" ";"";"";"";"";"Слоисто-кучевые, образовавшиеся не из кучевых.";"20–30%.";"1000-1500";"Высококучевые просвечивающие, расположенные на одном уровне.";"";"10.0";"9.6";"";"";"";"";"";"";
"03.02.2024 13:00";"20.6";"762.2";"764.4";"-0.6";"53";"Ветер, дующий с западо-северо-запада";"8";"";"";"70 – 80%.";" ";"";"";"";"";"Слоисто-кучевые, образовавшиеся не из кучевых.";"20–30%.";"1000-1500";"Высококучевые просвечивающие, расположенные на одном уровне.";"Перистых, перисто-кучевых или перисто-слоистых нет.";"10.0";"10.5";"";"";"";"";"";"";
"03.02.2024 10:00";"20.3";"762.8";"765.0";"1.5";"56";"Ветер, дующий с западо-северо-запада";"8";"";"";"60%.";" ";"";"";"18.4";"";"Слоисто-кучевые, образовавшиеся не из кучевых.";"20–30%.";"1000-1500";"Высококучевые просвечивающие, расположенные на одном уровне.";"Перистых, перисто-кучевых или перисто-слоистых нет.";"10.0";"11.1";"";"";"Cухая (без трещин, заметного количества пыли или сыпучего песка)";"16.0";"";"";
"03.02.2024 07:00";"18.5";"761.3";"763.5";"1.2";"57";"Ветер, дующий с западо-северо-запада";"6";"";"";"20–30%.";" ";"";"";"";"";"Слоисто-кучевые, образовавшиеся не из кучевых.";"10%  или менее, но не 0";"1000-1500";"Высококучевые просвечивающие, расположенные на одном уровне.";"Перистых, перисто-кучевых или перисто-слоистых нет.";"10.0";"9.7";"";"";"";"";"";"";
"03.02.2024 04:00";"18.8";"760.1";"762.4";"-0.2";"62";"Ветер, дующий с западо-северо-запада";"7";"";"";"40%.";" ";"";"";"";"";"Слоисто-кучевых, слоистых, кучевых или кучево-дождевых облаков нет.";"40%.";"2500 или более, или облаков нет.";"Высококучевые просвечивающие, расположенные на одном уровне.";"Перистых, перисто-кучевых или перисто-слоистых нет.";"10.0";"11.2";"";"";"";"";"";"";
"03.02.2024 01:00";"19.4";"760.3";"762.5";"-0.5";"58";"Ветер, дующий с западо-северо-запада";"7";"";"";"60%.";" ";"";"";"";"";"Слоисто-кучевых, слоистых, кучевых или кучево-дождевых облаков нет.";"60%.";"2500 или более, или облаков нет.";"Высококучевые просвечивающие, расположенные на одном уровне.";"Перистых, перисто-кучевых или перисто-слоистых нет.";"10.0";"11.0";"";"";"";"";"";"";
"02.02.2024 22:00";"20.5";"760.8";"763.0";"1.1";"56";"Ветер, дующий с западо-северо-запада";"6";"";"";"60%.";" ";"";"";"";"26.6";"Слоисто-кучевых, слоистых, кучевых или кучево-дождевых облаков нет.";"60%.";"2500 или более, или облаков нет.";"Высококучевые просвечивающие, расположенные на одном уровне.";"Перистых, перисто-кучевых или перисто-слоистых нет.";"10.0";"11.3";"";"";"";"";"";"";
"02.02.2024 19:00";"21.4";"759.7";"761.9";"1.5";"50";"Ветер, дующий с северо-запада";"8";"";"";"60%.";" ";"";"";"";"";"Слоисто-кучевых, слоистых, кучевых или кучево-дождевых облаков нет.";"60%.";"2500 или более, или облаков нет.";"Высококучевые просвечивающие, расположенные на одном уровне.";"Перистых, перисто-кучевых или перисто-слоистых нет.";"10.0";"10.4";"";"";"";"";"";"";
"02.02.2024 16:00";"23.0";"758.2";"760.3";"-0.5";"44";"Ветер, дующий с северо-запада";"10";"";"";"90  или более, но не 100%";"Состояние неба в общем не изменилось. ";"Дождь.";"Облака покрывали более половины неба в течение всего соответствующего периода.";"";"";"Слоисто-кучевые, образовавшиеся не из кучевых.";"50%.";"1000-1500";"Высококучевые просвечивающие, расположенные на одном уровне.";"";"10.0";"9.9";"0.6";"12";"";"";"";"";
"02.02.2024 13:00";"24.4";"758.7";"760.9";"0.2";"61";"Ветер, дующий с северо-запада";"11";"";"";"70 – 80%.";"Пыль, взвешенная в воздухе на обширном пространстве, но не поднятая ветром на или вблизи станции в срок наблюдения. ";"Дождь.";"Облака покрывали более половины неба в течение всего соответствующего периода.";"";"";"Слоисто-кучевые, образовавшиеся не из кучевых.";"40%.";"1000-1500";"Высококучевые просвечивающие, расположенные на одном уровне.";"Перистых, перисто-кучевых или перисто-слоистых нет.";"10.0";"16.3";"";"";"";"";"";"";
"02.02.2024 10:00";"26.3";"758.5";"760.6";"2.0";"63";"Ветер, дующий с западо-северо-запада";"4";"";"";"60%.";" ";"";"";"23.1";"";"Слоисто-кучевых, слоистых, кучевых или кучево-дождевых облаков нет.";"60%.";"2500 или более, или облаков нет.";"Высококучевые просвечивающие, расположенные на одном уровне.";"Перистых, перисто-кучевых или перисто-слоистых нет.";"10.0";"18.6";"";"";"Cухая (без трещин, заметного количества пыли или сыпучего песка)";"22.0";"";"";
"02.02.2024 07:00";"23.8";"756.5";"758.7";"1.3";"71";"Ветер, дующий с юго-запада";"2";"";"";"90  или более, но не 100%";"Состояние неба в общем не изменилось. ";"Дождь.";"Облака покрывали более половины неба в течение всего соответствующего периода.";"";"";"Слоисто-кучевых, слоистых, кучевых или кучево-дождевых облаков нет.";"90  или более, но не 100%";"2500 или более, или облаков нет.";"Высококучевые, просвечивающие или плотные в двух или более слоях или высококучевые плотные в одном слое, не распространяющиеся но небу, либо высококучевые с высокослоистыми или слоисто-дождевыми.";"";"10.0";"18.1";"";"";"";"";"";"";
"02.02.2024 04:00";"23.5";"755.2";"757.3";"0.4";"75";"Ветер, дующий с востока";"3";"";"";"70 – 80%.";" ";"";"";"";"";"Слоисто-кучевых, слоистых, кучевых или кучево-дождевых облаков нет.";"70 – 80%.";"2500 или более, или облаков нет.";"Высококучевые просвечивающие, расположенные на одном уровне.";"";"10.0";"18.9";"";"";"";"";"";"";
"02.02.2024 01:00";"23.6";"754.8";"757.0";"-0.1";"70";"Ветер, дующий с западо-северо-запада";"4";"";"";"70 – 80%.";" ";"";"";"";"";"Слоисто-кучевых, слоистых, кучевых или кучево-дождевых облаков нет.";"70 – 80%.";"2500 или более, или облаков нет.";"Высококучевые, просвечивающие или плотные в двух или более слоях или высококучевые плотные в одном слое, не распространяющиеся но небу, либо высококучевые с высокослоистыми или слоисто-дождевыми.";"";"10.0";"17.7";"";"";"";"";"";"";
"01.02.2024 22:00";"25.2";"754.9";"757.0";"0.6";"59";"Ветер, дующий с востоко-северо-востока";"3";"";"";"20–30%.";" ";"";"";"";"33.1";"Слоисто-кучевых, слоистых, кучевых или кучево-дождевых облаков нет.";"20–30%.";"2500 или более, или облаков нет.";"Высококучевые просвечивающие, расположенные на одном уровне.";"Перистых, перисто-кучевых или перисто-слоистых нет.";"10.0";"16.5";"";"";"";"";"";"";
"01.02.2024 19:00";"28.5";"754.3";"756.5";"0.3";"45";"Ветер, дующий с северо-северо-востока";"6";"";"";"40%.";" ";"";"";"";"";"Слоисто-кучевых, слоистых, кучевых или кучево-дождевых облаков нет.";"40%.";"2500 или более, или облаков нет.";"Высококучевые просвечивающие, расположенные на одном уровне.";"Перистых, перисто-кучевых или перисто-слоистых нет.";"10.0";"15.3";"";"";"";"";"";"";
"01.02.2024 16:00";"32.9";"754.0";"756.1";"-2.3";"28";"Ветер, дующий с юго-юго-востока";"5";"";"";"50%.";" ";"";"";"";"";"Слоисто-кучевых, слоистых, кучевых или кучево-дождевых облаков нет.";"50%.";"2500 или более, или облаков нет.";"Высококучевые просвечивающие, расположенные на одном уровне.";"Перистых, перисто-кучевых или перисто-слоистых нет.";"10.0";"11.8";"";"";"";"";"";"";
"01.02.2024 13:00";"30.0";"756.3";"758.4";"-1.9";"35";"Ветер, дующий с востоко-юго-востока";"3";"";"";"20–30%.";" ";"";"";"";"";"Слоисто-кучевых, слоистых, кучевых или кучево-дождевых облаков нет.";"20–30%.";"2500 или более, или облаков нет.";"Высококучевые просвечивающие, расположенные на одном уровне.";"Перистых, перисто-кучевых или перисто-слоистых нет.";"10.0";"12.7";"";"";"";"";"";"";
"01.02.2024 10:00";"24.5";"758.2";"760.3";"0.6";"58";"Ветер, дующий с востоко-северо-востока";"7";"";"";"40%.";" ";"";"";"21.2";"";"Слоисто-кучевых, слоистых, кучевых или кучево-дождевых облаков нет.";"40%.";"2500 или более, или облаков нет.";"Высококучевые просвечивающие, расположенные на одном уровне.";"Перистых, перисто-кучевых или перисто-слоистых нет.";"10.0";"15.6";"";"";"Cухая (без трещин, заметного количества пыли или сыпучего песка)";"20.0";"";"";
"01.02.2024 07:00";"22.0";"757.6";"759.8";"1.0";"58";"Ветер, дующий с востоко-северо-востока";"5";"";"";"40%.";" ";"";"";"";"";"Слоисто-кучевых, слоистых, кучевых или кучево-дождевых облаков нет.";"40%.";"2500 или более, или облаков нет.";"Высококучевые просвечивающие, расположенные на одном уровне.";"Перистых, перисто-кучевых или перисто-слоистых нет.";"10.0";"13.2";"";"";"";"";"";"";
"01.02.2024 04:00";"22.5";"756.6";"758.8";"-1.0";"59";"Ветер, дующий с востоко-северо-востока";"6";"";"";"20–30%.";"Состояние неба в общем не изменилось. ";"Дождь.";"Облака покрывали половину неба или менее в течение всего соответствующего периода.";"";"";"Слоисто-кучевых, слоистых, кучевых или кучево-дождевых облаков нет.";"20–30%.";"2500 или более, или облаков нет.";"Высококучевые просвечивающие, расположенные на одном уровне.";"Перистых, перисто-кучевых или перисто-слоистых нет.";"10.0";"14.0";"0.2";"12";"";"";"";"";
"01.02.2024 01:00";"23.5";"757.6";"759.8";"-1.2";"57";"Ветер, дующий с северо-востока";"5";"";"";"10%  или менее, но не 0";"Облака в целом рассеиваются или становятся менее развитыми. ";"Дождь.";"Облака покрывали более половины неба в течение одной части соответствующего периода и половину или менее в течение другой части периода.";"";"";"Слоисто-кучевых, слоистых, кучевых или кучево-дождевых облаков нет.";"10%  или менее, но не 0";"2500 или более, или облаков нет.";"Высококучевые просвечивающие, расположенные на одном уровне.";"Перистых, перисто-кучевых или перисто-слоистых нет.";"10.0";"14.6";"";"";"";"";"";"";
"31.01.2024 22:00";"25.4";"758.8";"761.0";"0.3";"49";"Ветер, дующий с северо-востока";"3";"";"";"60%.";" ";"";"";"";"30.8";"Слоисто-кучевые, образовавшиеся не из кучевых.";"10%  или менее, но не 0";"1000-1500";"Высококучевые просвечивающие, расположенные на одном уровне.";"Перистых, перисто-кучевых или перисто-слоистых нет.";"10.0";"13.8";"";"";"";"";"";"";
"31.01.2024 19:00";"27.1";"758.5";"760.6";"0.5";"34";"Ветер, дующий с севера";"4";"";"";"70 – 80%.";" ";"";"";"";"";"Слоисто-кучевых, слоистых, кучевых или кучево-дождевых облаков нет.";"70 – 80%.";"2500 или более, или облаков нет.";"Высококучевые просвечивающие, расположенные на одном уровне.";"";"10.0";"9.7";"";"";"";"";"";"";
"31.01.2024 16:00";"28.8";"758.0";"760.1";"-1.4";"32";"Ветер, дующий с севера";"6";"";"";"40%.";" ";"";"";"";"";"Слоисто-кучевых, слоистых, кучевых или кучево-дождевых облаков нет.";"40%.";"2500 или более, или облаков нет.";"Высококучевые просвечивающие, расположенные на одном уровне.";"Перистых, перисто-кучевых или перисто-слоистых нет.";"10.0";"10.7";"";"";"";"";"";"";
"31.01.2024 13:00";"29.6";"759.4";"761.6";"-1.5";"30";"Ветер, дующий с севера";"4";"";"";"50%.";" ";"";"";"";"";"Слоисто-кучевых, слоистых, кучевых или кучево-дождевых облаков нет.";"50%.";"2500 или более, или облаков нет.";"Высококучевые просвечивающие, расположенные на одном уровне.";"Перистых, перисто-кучевых или перисто-слоистых нет.";"10.0";"10.0";"";"";"";"";"";"";
"31.01.2024 10:00";"25.7";"760.9";"763.0";"0.8";"37";"Ветер, дующий с востоко-северо-востока";"4";"";"";"60%.";" ";"";"";"20.7";"";"Слоисто-кучевых, слоистых, кучевых или кучево-дождевых облаков нет.";"60%.";"2500 или более, или облаков нет.";"Высококучевые, просвечивающие или плотные в двух или более слоях или высококучевые плотные в одном слое, не распространяющиеся но небу, либо высококучевые с высокослоистыми или слоисто-дождевыми.";"Перистых, перисто-кучевых или перисто-слоистых нет.";"10.0";"10.1";"";"";"Cухая (без трещин, заметного количества пыли или сыпучего песка)";"18.0";"";"";
"31.01.2024 07:00";"21.5";"760.1";"762.4";"0.7";"47";"Ветер, дующий с востока";"2";"";"";"50%.";" ";"";"";"";"";"Слоисто-кучевых, слоистых, кучевых или кучево-дождевых облаков нет.";"50%.";"2500 или более, или облаков нет.";"Высококучевые просвечивающие, расположенные на одном уровне.";"Перистых, перисто-кучевых или перисто-слоистых нет.";"10.0";"9.6";"";"";"";"";"";"";
"31.01.2024 04:00";"21.3";"759.4";"761.5";"-0.6";"52";"Ветер, дующий с востоко-юго-востока";"3";"";"";"Облаков нет.";" ";"";"";"";"";"";"";"";"";"";"10.0";"10.9";"";"";"";"";"";"";
"31.01.2024 01:00";"22.2";"760.0";"762.2";"-0.3";"56";"Ветер, дующий с востоко-юго-востока";"2";"";"";"20–30%.";" ";"";"";"";"";"Слоисто-кучевых, слоистых, кучевых или кучево-дождевых облаков нет.";"20–30%.";"2500 или более, или облаков нет.";"Высококучевые просвечивающие, расположенные на одном уровне.";"Перистых, перисто-кучевых или перисто-слоистых нет.";"10.0";"13.1";"";"";"";"";"";"";
"30.01.2024 22:00";"23.3";"760.3";"762.4";"0.5";"50";"Ветер, дующий с северо-востока";"3";"";"";"Облаков нет.";" ";"";"";"";"27.8";"";"";"";"";"";"10.0";"12.4";"";"";"";"";"";"";
"30.01.2024 19:00";"24.3";"759.8";"762.0";"1.0";"59";"Ветер, дующий с севера";"4";"";"";"20–30%.";" ";"";"";"";"";"Слоисто-кучевых, слоистых, кучевых или кучево-дождевых облаков нет.";"Облаков нет.";"2500 или более, или облаков нет.";"Высококучевых, высокослоистых или слоисто-дождевых облаков нет.";"Перистые нитевидные, иногда когтевидные, не распространяющиеся по небу.";"10.0";"15.7";"";"";"";"";"";"";
"30.01.2024 16:00";"27.5";"758.8";"760.9";"-1.5";"47";"Ветер, дующий с северо-северо-запада";"4";"";"";"20–30%.";" ";"";"";"";"";"Слоисто-кучевых, слоистых, кучевых или кучево-дождевых облаков нет.";"Облаков нет.";"2500 или более, или облаков нет.";"Высококучевых, высокослоистых или слоисто-дождевых облаков нет.";"Перистые нитевидные, иногда когтевидные, не распространяющиеся по небу.";"10.0";"15.1";"";"";"";"";"";"";
"30.01.2024 13:00";"25.8";"760.3";"762.5";"-1.9";"54";"Ветер, дующий с севера";"4";"";"";"Облаков нет.";" ";"";"";"";"";"";"";"";"";"";"10.0";"15.7";"";"";"";"";"";"";
"30.01.2024 10:00";"22.9";"762.2";"764.4";"1.1";"61";"Переменное направление";"1";"";"";"20–30%.";" ";"";"";"17.8";"";"Слоисто-кучевых, слоистых, кучевых или кучево-дождевых облаков нет.";"20–30%.";"2500 или более, или облаков нет.";"Высококучевые просвечивающие, расположенные на одном уровне.";"Перистых, перисто-кучевых или перисто-слоистых нет.";"10.0";"14.9";"";"";"Cухая (без трещин, заметного количества пыли или сыпучего песка)";"14.0";"";"";
"30.01.2024 07:00";"18.1";"761.1";"763.3";"0.4";"70";"Ветер, дующий с юга";"2";"";"";"20–30%.";" ";"";"";"";"";"Слоисто-кучевых, слоистых, кучевых или кучево-дождевых облаков нет.";"20–30%.";"2500 или более, или облаков нет.";"Высококучевые просвечивающие, расположенные на одном уровне.";"Перистых, перисто-кучевых или перисто-слоистых нет.";"10.0";"12.6";"";"";"";"";"";"";
"30.01.2024 04:00";"19.1";"760.7";"763.0";"-0.3";"67";"Ветер, дующий с юга";"2";"";"";"10%  или менее, но не 0";" ";"";"";"";"";"Слоисто-кучевых, слоистых, кучевых или кучево-дождевых облаков нет.";"10%  или менее, но не 0";"2500 или более, или облаков нет.";"Высококучевые просвечивающие, расположенные на одном уровне.";"Перистых, перисто-кучевых или перисто-слоистых нет.";"10.0";"12.7";"";"";"";"";"";"";
"30.01.2024 01:00";"19.7";"761.0";"763.3";"-0.5";"63";"Ветер, дующий с юго-юго-запада";"2";"";"";"40%.";" ";"";"";"";"";"Слоисто-кучевых, слоистых, кучевых или кучево-дождевых облаков нет.";"40%.";"2500 или более, или облаков нет.";"Высококучевые просвечивающие, расположенные на одном уровне.";"Перистых, перисто-кучевых или перисто-слоистых нет.";"10.0";"12.3";"";"";"";"";"";"";
"29.01.2024 22:00";"21.4";"761.5";"763.6";"0.3";"62";"Ветер, дующий с запада";"1";"";"";"20–30%.";" ";"";"";"";"24.6";"Слоисто-кучевых, слоистых, кучевых или кучево-дождевых облаков нет.";"20–30%.";"2500 или более, или облаков нет.";"Высококучевые просвечивающие, расположенные на одном уровне.";"Перистых, перисто-кучевых или перисто-слоистых нет.";"10.0";"13.9";"";"";"";"";"";"";
"29.01.2024 19:00";"22.4";"761.2";"763.4";"0.6";"52";"Ветер, дующий с северо-запада";"4";"";"";"40%.";" ";"";"";"";"";"Слоисто-кучевых, слоистых, кучевых или кучево-дождевых облаков нет.";"40%.";"2500 или более, или облаков нет.";"Высококучевые просвечивающие, расположенные на одном уровне.";"Перистых, перисто-кучевых или перисто-слоистых нет.";"10.0";"11.9";"";"";"";"";"";"";
"29.01.2024 16:00";"24.1";"760.6";"762.8";"-0.8";"42";"Ветер, дующий с западо-северо-запада";"6";"";"";"40%.";" ";"";"";"";"";"Слоисто-кучевых, слоистых, кучевых или кучево-дождевых облаков нет.";"40%.";"2500 или более, или облаков нет.";"Высококучевые просвечивающие, расположенные на одном уровне.";"Перистых, перисто-кучевых или перисто-слоистых нет.";"10.0";"10.2";"";"";"";"";"";"";
"29.01.2024 13:00";"23.6";"761.4";"763.6";"-1.5";"43";"Ветер, дующий с северо-запада";"6";"";"";"40%.";" ";"";"";"";"";"Слоисто-кучевых, слоистых, кучевых или кучево-дождевых облаков нет.";"Облаков нет.";"2500 или более, или облаков нет.";"Высококучевых, высокослоистых или слоисто-дождевых облаков нет.";"Перистые нитевидные, иногда когтевидные, не распространяющиеся по небу.";"10.0";"10.4";"";"";"";"";"";"";
"29.01.2024 10:00";"22.5";"762.9";"765.1";"1.1";"50";"Ветер, дующий с западо-северо-запада";"6";"";"";"Облаков нет.";" ";"";"";"19.6";"";"";"";"";"";"";"10.0";"11.4";"";"";"Cухая (без трещин, заметного количества пыли или сыпучего песка)";"17.0";"";"";
"29.01.2024 07:00";"20.1";"761.8";"764.1";"0.8";"61";"Ветер, дующий с западо-северо-запада";"3";"";"";"20–30%.";" ";"";"";"";"";"Слоисто-кучевых, слоистых, кучевых или кучево-дождевых облаков нет.";"Облаков нет.";"2500 или более, или облаков нет.";"Высококучевых, высокослоистых или слоисто-дождевых облаков нет.";"Перистые нитевидные, иногда когтевидные, не распространяющиеся по небу.";"10.0";"12.4";"";"";"";"";"";"";
"29.01.2024 04:00";"20.2";"761.0";"763.2";"-0.5";"58";"Ветер, дующий с западо-северо-запада";"3";"";"";"Облаков нет.";" ";"";"";"";"";"";"";"";"";"";"10.0";"11.5";"";"";"";"";"";"";
"29.01.2024 01:00";"20.7";"761.5";"763.7";"-0.3";"55";"Ветер, дующий с запада";"3";"";"";"10%  или менее, но не 0";" ";"";"";"";"";"Слоисто-кучевых, слоистых, кучевых или кучево-дождевых облаков нет.";"Облаков нет.";"2500 или более, или облаков нет.";"Высококучевых, высокослоистых или слоисто-дождевых облаков нет.";"Перистые нитевидные, иногда когтевидные, не распространяющиеся по небу.";"10.0";"11.2";"";"";"";"";"";"";
"28.01.2024 22:00";"21.5";"761.8";"764.0";"0.9";"59";"Ветер, дующий с западо-северо-запада";"3";"";"";"Облаков нет.";" ";"";"";"";"25.1";"";"";"";"";"";"10.0";"13.0";"";"";"";"";"";"";
"28.01.2024 19:00";"22.6";"760.9";"763.1";"0.6";"52";"Ветер, дующий с северо-запада";"5";"";"";"20–30%.";" ";"";"";"";"";"Слоисто-кучевых, слоистых, кучевых или кучево-дождевых облаков нет.";"Облаков нет.";"2500 или более, или облаков нет.";"Высококучевых, высокослоистых или слоисто-дождевых облаков нет.";"Перистые нитевидные, иногда когтевидные, не распространяющиеся по небу.";"10.0";"12.1";"";"";"";"";"";"";
"28.01.2024 16:00";"24.0";"760.3";"762.5";"-0.6";"37";"Ветер, дующий с северо-запада";"8";"";"";"40%.";" ";"";"";"";"";"Слоисто-кучевых, слоистых, кучевых или кучево-дождевых облаков нет.";"Облаков нет.";"2500 или более, или облаков нет.";"Высококучевых, высокослоистых или слоисто-дождевых облаков нет.";"Перистые нитевидные, иногда когтевидные, не распространяющиеся по небу.";"10.0";"8.2";"";"";"";"";"";"";
"28.01.2024 13:00";"24.6";"760.9";"763.0";"-0.9";"46";"Ветер, дующий с западо-северо-запада";"7";"";"";"20–30%.";" ";"";"";"";"";"Слоисто-кучевых, слоистых, кучевых или кучево-дождевых облаков нет.";"Облаков нет.";"2500 или более, или облаков нет.";"Высококучевых, высокослоистых или слоисто-дождевых облаков нет.";"Перистые нитевидные, иногда когтевидные, не распространяющиеся по небу.";"10.0";"12.1";"";"";"";"";"";"";
"28.01.2024 10:00";"23.7";"761.8";"764.0";"1.6";"67";"Ветер, дующий с северо-северо-запада";"7";"";"";"50%.";" ";"";"";"21.5";"";"Слоисто-кучевые, образовавшиеся не из кучевых.";"50%.";"1000-1500";"Высококучевых, высокослоистых или слоисто-дождевых облаков нет.";"Перистых, перисто-кучевых или перисто-слоистых нет.";"10.0";"17.1";"";"";"Cухая (без трещин, заметного количества пыли или сыпучего песка)";"19.0";"";"";
"28.01.2024 07:00";"21.5";"760.2";"762.4";"1.6";"71";"Ветер, дующий с западо-северо-запада";"3";"";"";"20–30%.";" ";"";"";"";"";"Слоисто-кучевых, слоистых, кучевых или кучево-дождевых облаков нет.";"20–30%.";"2500 или более, или облаков нет.";"Высококучевые просвечивающие, расположенные на одном уровне.";"Перистых, перисто-кучевых или перисто-слоистых нет.";"10.0";"15.9";"";"";"";"";"";"";
"28.01.2024 04:00";"22.7";"758.6";"760.8";"-0.5";"58";"Ветер, дующий с востока";"4";"";"";"60%.";" ";"";"";"";"";"Слоисто-кучевых, слоистых, кучевых или кучево-дождевых облаков нет.";"60%.";"2500 или более, или облаков нет.";"Высококучевые просвечивающие, расположенные на одном уровне.";"Перистых, перисто-кучевых или перисто-слоистых нет.";"10.0";"13.9";"";"";"";"";"";"";
"28.01.2024 01:00";"23.2";"759.1";"761.2";"-0.5";"57";"Ветер, дующий с востока";"3";"";"";"70 – 80%.";" ";"";"";"";"";"Слоисто-кучевых, слоистых, кучевых или кучево-дождевых облаков нет.";"70 – 80%.";"2500 или более, или облаков нет.";"Высококучевые просвечивающие, расположенные на одном уровне.";"";"10.0";"14.1";"";"";"";"";"";"";
"27.01.2024 22:00";"25.6";"759.6";"761.8";"1.2";"51";"Переменное направление";"2";"";"";"60%.";" ";"";"";"";"28.8";"Слоисто-кучевых, слоистых, кучевых или кучево-дождевых облаков нет.";"60%.";"2500 или более, или облаков нет.";"Высококучевые просвечивающие, расположенные на одном уровне.";"Перистых, перисто-кучевых или перисто-слоистых нет.";"10.0";"14.6";"";"";"";"";"";"";
"27.01.2024 19:00";"27.1";"758.4";"760.6";"0.5";"43";"Ветер, дующий с юга";"3";"";"";"20–30%.";" ";"";"";"";"";"Слоисто-кучевых, слоистых, кучевых или кучево-дождевых облаков нет.";"20–30%.";"2500 или более, или облаков нет.";"Высококучевые просвечивающие, полосами, либо один или несколько слоев высококучевых просвечивающих, распространяющихся по небу; эти высококучевые в целом уплотняются.";"Перистых, перисто-кучевых или перисто-слоистых нет.";"10.0";"13.3";"";"";"";"";"";"";
"27.01.2024 16:00";"28.5";"757.9";"760.0";"-1.2";"39";"Ветер, дующий с юго-юго-востока";"4";"";"";"20–30%.";" ";"";"";"";"";"Слоисто-кучевых, слоистых, кучевых или кучево-дождевых облаков нет.";"Облаков нет.";"2500 или более, или облаков нет.";"Высококучевых, высокослоистых или слоисто-дождевых облаков нет.";"Перистые нитевидные, иногда когтевидные, не распространяющиеся по небу.";"10.0";"13.1";"";"";"";"";"";"";
"27.01.2024 13:00";"27.1";"759.1";"761.2";"-1.8";"45";"Ветер, дующий с юго-юго-востока";"7";"";"";"Облаков нет.";"Пыль, взвешенная в воздухе на обширном пространстве, но не поднятая ветром на или вблизи станции в срок наблюдения. ";"Облака покрывали половину неба или менее в течение всего соответствующего периода.";"Облака покрывали половину неба или менее в течение всего соответствующего периода.";"";"";"";"";"";"";"";"6.0";"14.0";"";"";"";"";"";"";
"27.01.2024 10:00";"23.4";"760.9";"763.0";"1.7";"61";"Ветер, дующий с юго-юго-востока";"8";"";"";"Облаков нет.";"Пыль, взвешенная в воздухе на обширном пространстве, но не поднятая ветром на или вблизи станции в срок наблюдения. ";"Облака покрывали половину неба или менее в течение всего соответствующего периода.";"Облака покрывали половину неба или менее в течение всего соответствующего периода.";"18.8";"";"";"";"";"";"";"6.0";"15.3";"";"";"Cухая (без трещин, заметного количества пыли или сыпучего песка)";"17.0";"";"";
"27.01.2024 07:00";"20.4";"759.2";"761.5";"0.9";"63";"Ветер, дующий с юго-востока";"7";"";"";"40%.";" ";"";"";"";"";"Слоисто-кучевые, образовавшиеся не из кучевых.";"40%.";"1500-2000";"Высококучевых, высокослоистых или слоисто-дождевых облаков нет.";"Перистых, перисто-кучевых или перисто-слоистых нет.";"10.0";"13.2";"";"";"";"";"";"";
"27.01.2024 04:00";"21.7";"758.3";"760.5";"-0.8";"45";"Ветер, дующий с юго-востока";"5";"";"";"Облаков нет.";" ";"";"";"";"";"";"";"";"";"";"10.0";"9.1";"";"";"";"";"";"";
"27.01.2024 01:00";"20.9";"759.1";"761.4";"-0.1";"30";"Ветер, дующий с востока";"2";"";"";"Облаков нет.";" ";"";"";"";"";"";"";"";"";"";"10.0";"2.8";"";"";"";"";"";"";
"26.01.2024 22:00";"23.1";"759.2";"761.5";"0.7";"24";"Ветер, дующий с востока";"3";"";"";"20–30%.";" ";"";"";"";"30.1";"Слоисто-кучевых, слоистых, кучевых или кучево-дождевых облаков нет.";"20–30%.";"2500 или более, или облаков нет.";"Высококучевые просвечивающие, расположенные на одном уровне.";"Перистых, перисто-кучевых или перисто-слоистых нет.";"10.0";"1.6";"";"";"";"";"";"";
"26.01.2024 19:00";"27.3";"758.5";"760.6";"1.3";"18";"Ветер, дующий с юго-юго-востока";"2";"";"";"70 – 80%.";" ";"";"";"";"";"Слоисто-кучевых, слоистых, кучевых или кучево-дождевых облаков нет.";"Облаков нет.";"2500 или более, или облаков нет.";"Высококучевых, высокослоистых или слоисто-дождевых облаков нет.";"Перистые когтевидные или нитевидные или первые и вторые, распространяющиеся по небу и в целом обычно уплотняющиеся.";"10.0";"1.2";"";"";"";"";"";"";
"26.01.2024 16:00";"29.5";"757.2";"759.3";"-1.9";"15";"Ветер, дующий с юго-юго-востока";"6";"";"";"70 – 80%.";" ";"";"";"";"";"Слоисто-кучевых, слоистых, кучевых или кучево-дождевых облаков нет.";"Облаков нет.";"2500 или более, или облаков нет.";"Высококучевых, высокослоистых или слоисто-дождевых облаков нет.";"Перистые когтевидные или нитевидные или первые и вторые, распространяющиеся по небу и в целом обычно уплотняющиеся.";"10.0";"0.5";"";"";"";"";"";"";
"26.01.2024 13:00";"28.5";"759.1";"761.3";"-1.4";"17";"Ветер, дующий с юго-юго-востока";"5";"";"";"50%.";" ";"";"";"";"";"Слоисто-кучевых, слоистых, кучевых или кучево-дождевых облаков нет.";"Облаков нет.";"2500 или более, или облаков нет.";"Высококучевых, высокослоистых или слоисто-дождевых облаков нет.";"Перистые нитевидные, иногда когтевидные, не распространяющиеся по небу.";"10.0";"1.4";"";"";"";"";"";"";
"26.01.2024 10:00";"22.2";"760.5";"762.7";"1.1";"26";"Ветер, дующий с юго-юго-востока";"4";"";"";"60%.";" ";"";"";"15.4";"";"Слоисто-кучевых, слоистых, кучевых или кучево-дождевых облаков нет.";"Облаков нет.";"2500 или более, или облаков нет.";"Высококучевых, высокослоистых или слоисто-дождевых облаков нет.";"Перистые когтевидные или нитевидные или первые и вторые, распространяющиеся по небу и в целом обычно уплотняющиеся.";"10.0";"2.0";"";"";"Cухая (без трещин, заметного количества пыли или сыпучего песка)";"13.0";"";"";
"26.01.2024 07:00";"16.2";"759.4";"761.7";"0.6";"51";"Ветер, дующий с юго-юго-востока";"2";"";"";"20–30%.";" ";"";"";"";"";"Слоисто-кучевых, слоистых, кучевых или кучево-дождевых облаков нет.";"Облаков нет.";"2500 или более, или облаков нет.";"Высококучевых, высокослоистых или слоисто-дождевых облаков нет.";"Перистые нитевидные, иногда когтевидные, не распространяющиеся по небу.";"10.0";"6.1";"";"";"";"";"";"";
"26.01.2024 04:00";"16.9";"758.8";"761.0";"-0.6";"58";"Ветер, дующий с востоко-юго-востока";"3";"";"";"Облаков нет.";" ";"";"";"";"";"";"";"";"";"";"10.0";"8.4";"";"";"";"";"";"";
"26.01.2024 01:00";"18.0";"759.4";"761.6";"-1.0";"70";"Ветер, дующий с востока";"3";"";"";"Облаков нет.";" ";"";"";"";"";"";"";"";"";"";"10.0";"12.5";"";"";"";"";"";"";
"25.01.2024 22:00";"20.8";"760.4";"762.7";"0.7";"64";"Ветер, дующий с северо-востока";"2";"";"";"Облаков нет.";" ";"";"";"";"28.9";"";"";"";"";"";"10.0";"13.6";"";"";"";"";"";"";
"25.01.2024 19:00";"23.3";"759.7";"761.8";"0.9";"46";"Ветер, дующий с северо-запада";"3";"";"";"20–30%.";" ";"";"";"";"";"Слоисто-кучевых, слоистых, кучевых или кучево-дождевых облаков нет.";"Облаков нет.";"2500 или более, или облаков нет.";"Высококучевых, высокослоистых или слоисто-дождевых облаков нет.";"Перистые нитевидные, иногда когтевидные, не распространяющиеся по небу.";"10.0";"10.9";"";"";"";"";"";"";
"25.01.2024 16:00";"28.3";"758.8";"761.0";"-1.5";"15";"Ветер, дующий с западо-северо-запада";"4";"";"";"60%.";" ";"";"";"";"";"Слоисто-кучевых, слоистых, кучевых или кучево-дождевых облаков нет.";"Облаков нет.";"2500 или более, или облаков нет.";"Высококучевых, высокослоистых или слоисто-дождевых облаков нет.";"Перистые нитевидные, иногда когтевидные, не распространяющиеся по небу.";"10.0";"-0.5";"";"";"";"";"";"";
"25.01.2024 13:00";"27.9";"760.3";"762.5";"-1.6";"16";"Ветер, дующий с западо-юго-запада";"3";"";"";"50%.";" ";"";"";"";"";"Слоисто-кучевых, слоистых, кучевых или кучево-дождевых облаков нет.";"Облаков нет.";"2500 или более, или облаков нет.";"Высококучевых, высокослоистых или слоисто-дождевых облаков нет.";"Перистые нитевидные, иногда когтевидные, не распространяющиеся по небу.";"10.0";"0.0";"";"";"";"";"";"";
"25.01.2024 10:00";"20.1";"761.9";"764.1";"1.1";"45";"Ветер, дующий с юго-юго-востока";"3";"";"";"60%.";" ";"";"";"13.8";"";"Слоисто-кучевых, слоистых, кучевых или кучево-дождевых облаков нет.";"Облаков нет.";"2500 или более, или облаков нет.";"Высококучевых, высокослоистых или слоисто-дождевых облаков нет.";"Перистые нитевидные, иногда когтевидные, не распространяющиеся по небу.";"10.0";"7.9";"";"";"Cухая (без трещин, заметного количества пыли или сыпучего песка)";"11.0";"";"";
"25.01.2024 07:00";"13.9";"760.8";"763.0";"0.7";"65";"Ветер, дующий с юго-востока";"2";"";"";"20–30%.";" ";"";"";"";"";"Слоисто-кучевых, слоистых, кучевых или кучево-дождевых облаков нет.";"Облаков нет.";"2500 или более, или облаков нет.";"Высококучевых, высокослоистых или слоисто-дождевых облаков нет.";"Перистые нитевидные, иногда когтевидные, не распространяющиеся по небу.";"10.0";"7.4";"";"";"";"";"";"";
"25.01.2024 04:00";"15.5";"760.1";"762.4";"-0.5";"65";"Ветер, дующий с юго-востока";"2";"";"";"Облаков нет.";" ";"";"";"";"";"";"";"";"";"";"10.0";"8.8";"";"";"";"";"";"";
"25.01.2024 01:00";"16.5";"760.6";"762.8";"-0.6";"63";"Ветер, дующий с востока";"2";"";"";"Облаков нет.";" ";"";"";"";"";"";"";"";"";"";"10.0";"9.3";"";"";"";"";"";"";
"24.01.2024 22:00";"19.9";"761.2";"763.5";"0.7";"65";"Ветер, дующий с севера";"2";"";"";"Облаков нет.";" ";"";"";"";"27.8";"";"";"";"";"";"10.0";"13.0";"";"";"";"";"";"";
"24.01.2024 19:00";"22.1";"760.5";"762.7";"1.0";"49";"Ветер, дующий с северо-запада";"4";"";"";"Облаков нет.";" ";"";"";"";"";"";"";"";"";"";"10.0";"10.7";"";"";"";"";"";"";
"24.01.2024 16:00";"27.0";"759.5";"761.7";"-1.4";"26";"Ветер, дующий с запада";"4";"";"";"Облаков нет.";" ";"";"";"";"";"";"";"";"";"";"10.0";"6.1";"";"";"";"";"";"";
"24.01.2024 13:00";"25.4";"760.9";"763.1";"-1.8";"34";"Ветер, дующий с западо-юго-запада";"4";"";"";"Облаков нет.";" ";"";"";"";"";"";"";"";"";"";"10.0";"8.2";"";"";"";"";"";"";
"24.01.2024 10:00";"19.8";"762.7";"765.0";"0.7";"76";"Ветер, дующий с юго-востока";"3";"";"";"Облаков нет.";"Мгла. ";"Облака покрывали половину неба или менее в течение всего соответствующего периода.";"Облака покрывали половину неба или менее в течение всего соответствующего периода.";"14.4";"";"";"";"";"";"";"8.0";"15.5";"";"";"Cухая (без трещин, заметного количества пыли или сыпучего песка)";"12.0";"";"";
"24.01.2024 07:00";"14.5";"762.0";"764.2";"0.7";"88";"Ветер, дующий с юго-юго-востока";"2";"";"";"Облаков нет.";"Мгла. ";"Облака покрывали половину неба или менее в течение всего соответствующего периода.";"Облака покрывали половину неба или менее в течение всего соответствующего периода.";"";"";"";"";"";"";"";"4.5";"12.6";"";"";"";"";"";"";
"24.01.2024 04:00";"16.8";"761.3";"763.6";"-0.5";"86";"Ветер, дующий с юга";"1";"";"";"Облаков нет.";"Мгла. ";"Облака покрывали половину неба или менее в течение всего соответствующего периода.";"Облака покрывали половину неба или менее в течение всего соответствующего периода.";"";"";"";"";"";"";"";"7.0";"14.4";"";"";"";"";"";"";
"24.01.2024 01:00";"17.9";"761.8";"764.1";"-0.4";"80";"Ветер, дующий с востоко-юго-востока";"2";"";"";"Облаков нет.";" ";"";"";"";"";"";"";"";"";"";"10.0";"14.3";"";"";"";"";"";"";
"23.01.2024 22:00";"20.6";"762.2";"764.5";"0.2";"75";"Ветер, дующий с севера";"2";"";"";"Облаков нет.";" ";"";"";"";"26.7";"";"";"";"";"";"10.0";"15.9";"";"";"";"";"";"";
"23.01.2024 19:00";"21.4";"762.0";"764.2";"0.8";"71";"Ветер, дующий с северо-запада";"4";"";"";"Облаков нет.";" ";"";"";"";"";"";"";"";"";"";"10.0";"15.8";"";"";"";"";"";"";
"23.01.2024 16:00";"23.6";"761.2";"763.3";"-0.9";"64";"Ветер, дующий с западо-северо-запада";"6";"";"";"Облаков нет.";" ";"";"";"";"";"";"";"";"";"";"10.0";"16.3";"";"";"";"";"";"";
"23.01.2024 13:00";"25.7";"762.1";"764.2";"-2.0";"42";"Переменное направление";"1";"";"";"Облаков нет.";" ";"";"";"";"";"";"";"";"";"";"10.0";"11.7";"";"";"";"";"";"";
"23.01.2024 10:00";"21.1";"764.1";"766.3";"1.2";"71";"Ветер, дующий с юга";"2";"";"";"Облаков нет.";" ";"";"";"16.0";"";"";"";"";"";"";"10.0";"15.5";"";"";"Cухая (без трещин, заметного количества пыли или сыпучего песка)";"14.0";"";"";
"23.01.2024 07:00";"16.8";"762.9";"765.1";"0.2";"85";"Ветер, дующий с юга";"2";"";"";"Облаков нет.";" ";"";"";"";"";"";"";"";"";"";"10.0";"14.3";"";"";"";"";"";"";
"23.01.2024 04:00";"17.2";"762.7";"765.0";"-0.4";"86";"Переменное направление";"1";"";"";"Облаков нет.";" ";"";"";"";"";"";"";"";"";"";"10.0";"14.9";"";"";"";"";"";"";
"23.01.2024 01:00";"19.4";"763.1";"765.4";"-0.4";"78";"Переменное направление";"1";"";"";"Облаков нет.";" ";"";"";"";"";"";"";"";"";"";"10.0";"15.5";"";"";"";"";"";"";
"22.01.2024 22:00";"20.7";"763.5";"765.7";"0.6";"71";"Ветер, дующий с западо-северо-запада";"3";"";"";"Облаков нет.";" ";"";"";"";"25.0";"";"";"";"";"";"10.0";"15.3";"";"";"";"";"";"";
"22.01.2024 19:00";"22.1";"762.9";"765.1";"0.9";"63";"Ветер, дующий с северо-запада";"4";"";"";"Облаков нет.";" ";"";"";"";"";"";"";"";"";"";"10.0";"14.8";"";"";"";"";"";"";
"22.01.2024 16:00";"23.7";"762.0";"764.2";"-0.4";"58";"Ветер, дующий с западо-северо-запада";"6";"";"";"Облаков нет.";" ";"";"";"";"";"";"";"";"";"";"10.0";"14.8";"";"";"";"";"";"";
"22.01.2024 13:00";"24.6";"762.4";"764.5";"-1.3";"56";"Ветер, дующий с западо-северо-запада";"4";"";"";"10%  или менее, но не 0";" ";"";"";"";"";"Слоисто-кучевые, образовавшиеся не из кучевых.";"20–30%.";"1000-1500";"Высококучевых, высокослоистых или слоисто-дождевых облаков нет.";"Перистых, перисто-кучевых или перисто-слоистых нет.";"10.0";"15.1";"";"";"";"";"";"";
"22.01.2024 10:00";"21.4";"763.7";"766.0";"1.3";"62";"Ветер, дующий с юга";"2";"";"";"Облаков нет.";" ";"";"";"16.0";"";"";"";"";"";"";"10.0";"13.9";"";"";"Cухая (без трещин, заметного количества пыли или сыпучего песка)";"14.0";"";"";
"22.01.2024 07:00";"16.5";"762.4";"764.6";"0.9";"76";"Ветер, дующий с юга";"2";"";"";"50%.";" ";"";"";"";"";"Слоисто-кучевые, образовавшиеся не из кучевых.";"50%.";"1000-1500";"Высококучевых, высокослоистых или слоисто-дождевых облаков нет.";"Перистых, перисто-кучевых или перисто-слоистых нет.";"10.0";"12.3";"";"";"";"";"";"";
"22.01.2024 04:00";"17.7";"761.5";"763.6";"-0.3";"74";"Ветер, дующий с юго-юго-востока";"2";"";"";"20–30%.";" ";"";"";"";"";"Слоисто-кучевые, образовавшиеся не из кучевых.";"20–30%.";"1000-1500";"Высококучевых, высокослоистых или слоисто-дождевых облаков нет.";"Перистых, перисто-кучевых или перисто-слоистых нет.";"10.0";"12.9";"";"";"";"";"";"";
"22.01.2024 01:00";"20.3";"761.8";"764.0";"-0.4";"61";"Ветер, дующий с северо-запада";"3";"";"";"Облаков нет.";" ";"";"";"";"";"";"";"";"";"";"10.0";"12.6";"";"";"";"";"";"";
"21.01.2024 22:00";"20.9";"762.2";"764.5";"0.3";"64";"Ветер, дующий с западо-северо-запада";"3";"";"";"10%  или менее, но не 0";" ";"";"";"";"24.1";"Слоисто-кучевые, образовавшиеся не из кучевых.";"10%  или менее, но не 0";"1000-1500";"Высококучевых, высокослоистых или слоисто-дождевых облаков нет.";"Перистых, перисто-кучевых или перисто-слоистых нет.";"10.0";"13.7";"";"";"";"";"";"";
"21.01.2024 19:00";"21.7";"761.9";"764.2";"0.8";"65";"Ветер, дующий с запада";"4";"";"";"40%.";" ";"";"";"";"";"Слоисто-кучевые, образовавшиеся не из кучевых.";"40%.";"1000-1500";"Высококучевых, высокослоистых или слоисто-дождевых облаков нет.";"Перистых, перисто-кучевых или перисто-слоистых нет.";"10.0";"14.7";"";"";"";"";"";"";
"21.01.2024 16:00";"23.4";"761.1";"763.3";"-1.1";"52";"Ветер, дующий с западо-северо-запада";"6";"";"";"50%.";" ";"";"";"";"";"Слоисто-кучевые, образовавшиеся не из кучевых.";"20–30%.";"1000-1500";"Высококучевых, высокослоистых или слоисто-дождевых облаков нет.";"Перистые нитевидные, иногда когтевидные, не распространяющиеся по небу.";"10.0";"13.1";"";"";"";"";"";"";
"21.01.2024 13:00";"23.3";"762.2";"764.5";"-1.4";"56";"Ветер, дующий с западо-северо-запада";"5";"";"";"40%.";" ";"";"";"";"";"Слоисто-кучевые, образовавшиеся не из кучевых.";"40%.";"1000-1500";"Высококучевых, высокослоистых или слоисто-дождевых облаков нет.";"Перистых, перисто-кучевых или перисто-слоистых нет.";"10.0";"13.9";"";"";"";"";"";"";
"21.01.2024 10:00";"20.2";"763.6";"765.9";"1.4";"69";"Ветер, дующий с юго-юго-запада";"3";"";"";"40%.";" ";"";"";"15.3";"";"Слоисто-кучевые, образовавшиеся не из кучевых.";"20–30%.";"1000-1500";"Высококучевых, высокослоистых или слоисто-дождевых облаков нет.";"Перистые нитевидные, иногда когтевидные, не распространяющиеся по небу.";"10.0";"14.4";"";"";"Cухая (без трещин, заметного количества пыли или сыпучего песка)";"14.0";"";"";
"21.01.2024 07:00";"15.6";"762.2";"764.5";"0.8";"84";"Ветер, дующий с юго-юго-запада";"3";"";"";"40%.";"Мгла. ";"Облака покрывали половину неба или менее в течение всего соответствующего периода.";"Облака покрывали половину неба или менее в течение всего соответствующего периода.";"";"";"Слоисто-кучевые, образовавшиеся не из кучевых.";"10%  или менее, но не 0";"1000-1500";"Высококучевых, высокослоистых или слоисто-дождевых облаков нет.";"Перистые нитевидные, иногда когтевидные, не распространяющиеся по небу.";"8.0";"12.9";"";"";"";"";"";"";
"21.01.2024 04:00";"17.5";"761.4";"763.6";"-0.9";"82";"Ветер, дующий с юго-юго-востока";"1";"";"";"Облаков нет.";" ";"";"";"";"";"";"";"";"";"";"10.0";"14.4";"";"";"";"";"";"";
"21.01.2024 01:00";"19.4";"762.3";"764.5";"-0.4";"76";"Ветер, дующий с запада";"2";"";"";"Облаков нет.";" ";"";"";"";"";"";"";"";"";"";"10.0";"15.1";"";"";"";"";"";"";
"20.01.2024 22:00";"20.4";"762.7";"765.0";"0.5";"75";"Ветер, дующий с западо-северо-запада";"2";"";"";"Облаков нет.";" ";"";"";"";"24.6";"";"";"";"";"";"10.0";"15.7";"";"";"";"";"";"";
"20.01.2024 19:00";"21.6";"762.2";"764.4";"0.7";"68";"Ветер, дующий с северо-запада";"4";"";"";"20–30%.";" ";"";"";"";"";"Слоисто-кучевых, слоистых, кучевых или кучево-дождевых облаков нет.";"Облаков нет.";"2500 или более, или облаков нет.";"Высококучевых, высокослоистых или слоисто-дождевых облаков нет.";"Перистые нитевидные, иногда когтевидные, не распространяющиеся по небу.";"10.0";"15.5";"";"";"";"";"";"";
"20.01.2024 16:00";"23.4";"761.5";"763.6";"-0.8";"56";"Ветер, дующий с северо-запада";"6";"";"";"40%.";" ";"";"";"";"";"Слоисто-кучевых, слоистых, кучевых или кучево-дождевых облаков нет.";"Облаков нет.";"2500 или более, или облаков нет.";"Высококучевых, высокослоистых или слоисто-дождевых облаков нет.";"Перистые нитевидные, иногда когтевидные, не распространяющиеся по небу.";"10.0";"14.0";"";"";"";"";"";"";
"20.01.2024 13:00";"23.8";"762.3";"764.5";"-1.6";"54";"Ветер, дующий с северо-северо-запада";"3";"";"";"20–30%.";" ";"";"";"";"";"Слоисто-кучевых, слоистых, кучевых или кучево-дождевых облаков нет.";"Облаков нет.";"2500 или более, или облаков нет.";"Высококучевых, высокослоистых или слоисто-дождевых облаков нет.";"Перистые нитевидные, иногда когтевидные, не распространяющиеся по небу.";"10.0";"13.8";"";"";"";"";"";"";
"20.01.2024 10:00";"22.0";"763.9";"766.2";"1.8";"62";"Переменное направление";"1";"";"";"Облаков нет.";" ";"";"";"15.1";"";"";"";"";"";"";"10.0";"14.3";"";"";"Cухая (без трещин, заметного количества пыли или сыпучего песка)";"13.0";"";"";
"20.01.2024 07:00";"15.2";"762.1";"764.3";"0.6";"85";"Ветер, дующий с западо-юго-запада";"3";"";"";"Облаков нет.";" ";"";"";"";"";"";"";"";"";"";"10.0";"12.7";"";"";"";"";"";"";
"20.01.2024 04:00";"18.3";"761.5";"763.7";"0.0";"73";"Ветер, дующий с северо-запада";"2";"";"";"Облаков нет.";" ";"";"";"";"";"";"";"";"";"";"10.0";"13.4";"";"";"";"";"";"";
"20.01.2024 01:00";"19.5";"761.5";"763.7";"-0.6";"71";"Ветер, дующий с северо-запада";"3";"";"";"Облаков нет.";" ";"";"";"";"";"";"";"";"";"";"10.0";"14.0";"";"";"";"";"";"";
"19.01.2024 22:00";"20.7";"762.1";"764.3";"0.8";"70";"Ветер, дующий с запада";"3";"";"";"Облаков нет.";" ";"";"";"";"24.7";"";"";"";"";"";"10.0";"14.9";"";"";"";"";"";"";
"19.01.2024 19:00";"21.6";"761.3";"763.6";"1.2";"67";"Ветер, дующий с западо-северо-запада";"5";"";"";"Облаков нет.";" ";"";"";"";"";"";"";"";"";"";"10.0";"15.1";"";"";"";"";"";"";
"19.01.2024 16:00";"23.6";"760.1";"762.3";"-0.6";"58";"Ветер, дующий с западо-северо-запада";"7";"";"";"Облаков нет.";" ";"";"";"";"";"";"";"";"";"";"10.0";"14.7";"";"";"";"";"";"";
"19.01.2024 13:00";"24.2";"760.7";"763.0";"-1.3";"55";"Ветер, дующий с западо-северо-запада";"6";"";"";"10%  или менее, но не 0";" ";"";"";"";"";"Слоисто-кучевых, слоистых, кучевых или кучево-дождевых облаков нет.";"10%  или менее, но не 0";"2500 или более, или облаков нет.";"Высококучевые просвечивающие, расположенные на одном уровне.";"Перистых, перисто-кучевых или перисто-слоистых нет.";"10.0";"14.7";"";"";"";"";"";"";
"19.01.2024 10:00";"22.9";"762.0";"764.2";"1.6";"66";"Ветер, дующий с северо-запада";"7";"";"";"40%.";" ";"";"";"18.9";"";"Слоисто-кучевые, образовавшиеся не из кучевых.";"40%.";"1000-1500";"Высококучевых, высокослоистых или слоисто-дождевых облаков нет.";"Перистых, перисто-кучевых или перисто-слоистых нет.";"10.0";"16.1";"";"";"Cухая (без трещин, заметного количества пыли или сыпучего песка)";"17.0";"";"";
"19.01.2024 07:00";"20.2";"760.4";"762.6";"1.1";"78";"Ветер, дующий с западо-северо-запада";"2";"";"";"20–30%.";" ";"";"";"";"";"Слоисто-кучевые, образовавшиеся не из кучевых.";"20–30%.";"600-1000";"Высококучевых, высокослоистых или слоисто-дождевых облаков нет.";"Перистых, перисто-кучевых или перисто-слоистых нет.";"10.0";"16.3";"";"";"";"";"";"";
"19.01.2024 04:00";"20.3";"759.3";"761.5";"-0.7";"75";"Ветер, дующий с западо-северо-запада";"2";"";"";"10%  или менее, но не 0";" ";"";"";"";"";"Слоисто-кучевых, слоистых, кучевых или кучево-дождевых облаков нет.";"10%  или менее, но не 0";"2500 или более, или облаков нет.";"Высококучевые просвечивающие, расположенные на одном уровне.";"Перистых, перисто-кучевых или перисто-слоистых нет.";"10.0";"15.6";"";"";"";"";"";"";
"19.01.2024 01:00";"20.6";"760.0";"762.3";"-0.6";"74";"Ветер, дующий с западо-северо-запада";"4";"";"";"20–30%.";" ";"";"";"";"";"Слоисто-кучевые, образовавшиеся не из кучевых.";"20–30%.";"600-1000";"Высококучевых, высокослоистых или слоисто-дождевых облаков нет.";"Перистых, перисто-кучевых или перисто-слоистых нет.";"10.0";"15.7";"";"";"";"";"";"";
"18.01.2024 22:00";"21.1";"760.6";"762.7";"0.5";"71";"Ветер, дующий с запада";"4";"";"";"10%  или менее, но не 0";" ";"";"";"";"23.8";"Слоисто-кучевые, образовавшиеся не из кучевых.";"10%  или менее, но не 0";"1000-1500";"Высококучевых, высокослоистых или слоисто-дождевых облаков нет.";"Перистых, перисто-кучевых или перисто-слоистых нет.";"10.0";"15.7";"";"";"";"";"";"";
"18.01.2024 19:00";"21.7";"760.1";"762.4";"1.3";"65";"Ветер, дующий с запада";"5";"";"";"Облаков нет.";" ";"";"";"";"";"";"";"";"";"";"10.0";"14.7";"";"";"";"";"";"";
"18.01.2024 16:00";"23.0";"758.8";"761.0";"-0.3";"58";"Ветер, дующий с западо-северо-запада";"6";"";"";"40%.";" ";"";"";"";"";"Слоисто-кучевые, образовавшиеся не из кучевых.";"40%.";"1000-1500";"Высококучевых, высокослоистых или слоисто-дождевых облаков нет.";"Перистых, перисто-кучевых или перисто-слоистых нет.";"10.0";"14.2";"";"";"";"";"";"";
"18.01.2024 13:00";"23.4";"759.1";"761.3";"-1.8";"54";"Ветер, дующий с запада";"5";"";"";"20–30%.";" ";"";"";"";"";"Слоисто-кучевые, образовавшиеся не из кучевых.";"20–30%.";"1000-1500";"Высококучевых, высокослоистых или слоисто-дождевых облаков нет.";"Перистых, перисто-кучевых или перисто-слоистых нет.";"10.0";"13.4";"";"";"";"";"";"";
"18.01.2024 10:00";"21.7";"760.9";"763.1";"1.4";"57";"Ветер, дующий с западо-северо-запада";"4";"";"";"60%.";" ";"";"";"19.5";"";"Слоисто-кучевые, образовавшиеся не из кучевых.";"60%.";"1000-1500";"Высококучевых, высокослоистых или слоисто-дождевых облаков нет.";"Перистых, перисто-кучевых или перисто-слоистых нет.";"10.0";"12.9";"";"";"Cухая (без трещин, заметного количества пыли или сыпучего песка)";"18.0";"";"";
"18.01.2024 07:00";"19.7";"759.5";"761.8";"0.7";"67";"Ветер, дующий с западо-северо-запада";"3";"";"";"60%.";" ";"";"";"";"";"Слоисто-кучевые, образовавшиеся не из кучевых.";"60%.";"1000-1500";"Высококучевых, высокослоистых или слоисто-дождевых облаков нет.";"Перистых, перисто-кучевых или перисто-слоистых нет.";"10.0";"13.3";"";"";"";"";"";"";
"18.01.2024 04:00";"20.1";"758.8";"761.1";"-0.5";"69";"Ветер, дующий с северо-запада";"5";"";"";"40%.";" ";"";"";"";"";"Слоисто-кучевые, образовавшиеся не из кучевых.";"40%.";"1000-1500";"Высококучевых, высокослоистых или слоисто-дождевых облаков нет.";"Перистых, перисто-кучевых или перисто-слоистых нет.";"10.0";"14.1";"";"";"";"";"";"";
"18.01.2024 01:00";"20.7";"759.3";"761.5";"-0.7";"69";"Ветер, дующий с западо-северо-запада";"5";"";"";"40%.";" ";"";"";"";"";"Слоисто-кучевые, образовавшиеся не из кучевых.";"40%.";"1000-1500";"Высококучевых, высокослоистых или слоисто-дождевых облаков нет.";"Перистых, перисто-кучевых или перисто-слоистых нет.";"10.0";"14.7";"";"";"";"";"";"";
